m,lam,ncont,mu,sig,meancpu,dec
m_1945,9200.0,20,3.7743460385810046,0.241115709383474,44.84759282119457,1
m_1951,12400.0,29,3.6799866459225674,0.3186958437915314,41.71356294999027,6
m_1958,9200.0,14,3.6221349994832113,0.36775630265533626,40.16410004904365,1
m_1964,10400.0,17,3.7939536304644124,0.23724237629709732,45.67549795101496,4
m_1968,12800.0,28,3.49714081275278,0.38592382432517813,35.6313571496983,7
m_1969,4400.0,8,3.3699749651330033,0.41891634689023033,31.716613672496024,0
m_1972,9200.0,22,3.7590434980902137,0.2693222006340878,44.47748267898383,1
m_1977,12800.0,32,3.61970676297641,0.3191977387209912,39.27731918238994,7
m_1978,9600.0,24,3.757107599677803,0.2805588120276762,44.4864477953808,2
m_1986,5200.0,11,3.312313723264955,0.5185666426236134,31.246201192537026,1
m_1987,9200.0,22,3.7546636331554186,0.25563604452590205,44.132177887820205,1
m_1988,9200.0,15,3.644856867388806,0.30299009457666576,40.05788301963165,1
m_1998,9600.0,14,0.15412769807843482,1.7027072674722137,7.351199591628382,2
m_2010,4000.0,9,3.448421352191676,0.3635103405284517,33.57247761794588,0
m_2014,4800.0,9,3.5387076378563758,0.3778862955246458,37.023953207687306,0
m_2019,11200.0,18,3.4969382158008884,0.36515700745117063,35.2872370531082,5
m_2022,4000.0,9,3.504315553339565,0.3961176876555898,35.95884658454647,0
m_2027,12400.0,31,3.5883069461191974,0.3896140107599141,39.106909160893,6
m_2042,4000.0,8,3.401684925983334,0.40108727490305374,32.49446924121871,0
m_2058,12000.0,19,3.656050239372307,0.31608086679870717,40.676857170674715,6
m_2062,11200.0,19,3.527793346819994,0.33678890992403215,36.00396480030945,5
m_2065,4000.0,8,3.539473328953944,0.36693289534004103,36.84486873508353,0
m_2066,9200.0,21,3.65796549770838,0.3020286860177613,40.574803149606296,1
m_2071,9200.0,17,3.695505610292613,0.3418633497696776,42.66752209865982,1
m_2073,9200.0,20,3.608016174884763,0.34012792519875085,39.06894831370984,1
m_2089,13200.0,28,3.612032462339045,0.32480014155756304,38.99951042788603,7
m_2098,11600.0,22,3.6871322372069146,0.2944182216693645,41.68138366019513,5
m_2109,10000.0,17,3.6810380303312367,0.3540962700371652,42.26841448189763,3
m_2114,9200.0,23,3.720945753975108,0.30171260053165,43.191959120709605,1
m_2124,9200.0,22,3.759526359943659,0.28617701708621823,44.72074468085106,1
m_2128,9800.0,19,3.671570465240061,0.3126582190696637,41.285387692893885,3
m_2135,9200.0,22,3.7931993098859493,0.24283824605742868,45.71105746016417,1
m_2146,13200.0,30,3.669611008162714,0.3153244067309632,41.236255286428296,7
m_2154,11600.0,19,3.6202163971569843,0.31537161521258933,39.240244612696564,5
m_2169,10000.0,13,3.561408430776552,0.3355946868073196,37.25893536121673,3
m_2172,12800.0,32,3.5484212895595073,0.3713390219093433,37.199593259732715,7
m_2181,10000.0,16,3.6258688428435972,0.30943547916917663,39.3799960815047,3
m_2189,10400.0,21,3.714441589154489,0.26931995230745526,42.54731182795699,4
m_2191,13600.0,25,3.5938144375498577,0.31414506519502555,38.19698611247907,8
m_2194,12800.0,31,3.6807282836988913,0.28813956620788056,41.335546875,7
m_2204,13200.0,31,3.7267450794868004,0.3404594620185187,44.01626099406832,7
m_2220,9200.0,22,3.6948470315100845,0.35885094746629,42.95796757203346,1
m_2223,13600.0,33,3.6205686672658772,0.3407238498776845,39.586989409984874,8
m_2225,11200.0,25,3.6823422767928555,0.29575752923506043,41.48953522649111,5
m_2226,11200.0,28,3.574764747490219,0.39865283373763344,38.62708270221145,5
m_2228,3600.0,9,3.4663353921479465,0.36362199438140713,34.17448777263714,0
m_2235,12800.0,23,3.6333267576580455,0.3125593309156543,39.71811055685636,7
m_2242,10000.0,18,3.7183656302085466,0.26609090402325514,42.68785960874568,3
m_2250,9600.0,23,3.5957895474685917,0.3273107825577504,38.433156133097064,2
m_2254,3600.0,8,3.3148399701002855,0.4094416469043908,29.864482792239446,0
m_2257,9200.0,18,3.6531851612071855,0.30412782143311634,40.40473648451907,1
m_2269,3600.0,8,3.455972379094936,0.37486838925889604,33.94473164771125,0
m_2270,12000.0,28,3.7003581912169112,0.2779589663629586,42.04764267990075,6
m_2287,11200.0,16,3.6964685834135693,0.2933586195756304,42.06811784574967,5
m_2303,13200.0,32,3.6890770482566073,0.3307319055330783,42.27205393599848,7
m_2319,9200.0,23,3.816091350660721,0.30619667015611357,47.57825242718447,1
m_2329,4000.0,9,3.446340027662041,0.4007084689896371,34.03984450923227,0
m_2337,9200.0,23,3.8476706588976617,0.2458556203972424,48.29319781078968,1
m_2338,9600.0,22,3.630258187659253,0.3296997553475649,39.813038629220316,2
m_2342,3600.0,8,1.5762793549154839,0.2055137131157959,4.937304992199688,0
m_2343,13300.0,33,3.602048601644821,0.39637082276847846,39.656936473382146,8
m_2345,10000.0,20,3.7459522142265262,0.255513229644797,43.74387506100537,3
m_2346,9200.0,18,3.681388927591238,0.2862555971662745,41.36603365148086,1
m_2358,9200.0,23,3.746684306958422,0.26385617453379956,43.88545246277205,1
m_2368,9600.0,19,3.8061700787995143,0.319079419373632,47.26008880118402,2
m_2385,9200.0,23,3.791437414911286,0.25503070234150305,45.751179131773995,1
m_2390,12800.0,19,3.63003916459744,0.31635307200457913,39.652357149857885,7
m_2404,11600.0,24,3.613610418066856,0.3068863971346216,38.88268102702183,5
m_2409,9600.0,14,3.7905243079444175,0.23982416347687208,45.56410256410256,2
m_2412,10400.0,19,3.5859012853671204,0.3549998393499513,38.49564707033161,4
m_2413,11200.0,17,3.6257171361305485,0.3406816121341555,39.70608562104051,5
m_2421,10000.0,20,3.619357674938752,0.31719169590982516,39.22242647058823,3
m_2428,9600.0,23,3.619199632830474,0.35791435373412983,39.74079457364341,2
m_2429,12400.0,22,3.7461595236269947,0.2804506297718656,44.044396636025816,6
m_2432,12000.0,19,3.5924720935603287,0.34231003562525014,38.40578158458244,6
m_2440,9200.0,20,3.578110121576842,0.32330717114665536,37.7077106993425,1
m_2449,12000.0,29,3.6336144316606407,0.30868252407233865,39.691595163806554,6
m_2453,9600.0,20,3.7274950986162865,0.28003406459402214,43.203572793274745,2
m_2462,3600.0,9,3.287218813068362,0.4529016581262634,29.550761175215747,0
m_2464,9600.0,16,3.5610848677522116,0.3336474728189709,37.222869345758106,2
m_2474,13600.0,32,3.7760381421863816,0.35720823434060706,46.49534043362495,8
m_2479,10400.0,23,3.7844147788358127,0.24800336686082075,45.36530238240684,4
m_2488,12000.0,24,3.7100613994364933,0.29325580315211003,42.62393079315708,6
m_2489,9200.0,23,3.8111195093447985,0.24696401987120464,46.57650903498654,1
m_2503,10000.0,18,3.7687833129559247,0.25093611576007835,44.70379413974455,3
m_2509,9600.0,16,3.696395957166298,0.3415029366747429,42.79517733158191,2
m_2514,9200.0,20,3.6705874689107705,0.28899349041865685,40.93931756494766,1
m_2520,13200.0,29,3.647226909744195,0.2859019626391345,39.95147617655656,7
m_2521,9200.0,13,3.9230053216595158,0.26781598725776234,52.22355250245339,1
m_2525,9200.0,12,3.5893904565623838,0.3308971235873329,38.23246740888762,1
m_2539,10400.0,19,4.06372381716052,0.14478574617578407,58.78191173560261,4
m_2544,12800.0,31,3.7509666739049843,0.2690214530135285,44.10668851195066,7
m_2552,4000.0,7,3.2469339938152864,0.4808510577395832,28.6798,0
m_2556,13200.0,31,3.844274969995268,0.3058814497962796,48.84146106399383,7
m_2560,11600.0,28,3.7966058265080798,0.2395698103756747,45.837477258944816,5
m_2563,11600.0,21,3.7727667780260172,0.23883970638962854,44.754250386398766,5
m_2567,12800.0,32,3.589606404308924,0.3637345612406005,38.68967219589258,7
m_2570,12400.0,28,3.6565230529779873,0.30341439093182726,40.53856708811134,6
m_2572,12400.0,27,3.485828893013063,0.3913236346425624,35.19824132877382,6
m_2574,12400.0,30,3.747840697410743,0.3163621246191539,44.62306681491964,6
m_2589,11600.0,18,3.676235594834483,0.3003027940908894,41.28358797437161,5
m_2591,9600.0,23,3.7094101541255955,0.28336138125656474,42.48987426816393,2
m_2596,13200.0,33,3.574728174455105,0.3630266973023379,38.07841229691604,7
m_2606,12800.0,29,3.768536444018027,0.27402506169846835,44.94495585196318,7
m_2610,9200.0,13,3.611668172773194,0.3241777201588857,39.01447407554278,1
m_2622,9600.0,20,3.8520117700306757,0.23567555421678776,48.371674171101105,2
m_2623,12000.0,15,3.7279723887043605,0.28284840878549156,43.261196303442674,6
m_2637,10000.0,25,3.720568632284375,0.2757557431222338,42.87610272495589,3
m_2642,10000.0,15,3.4133156765865804,0.39325325020796326,32.771269045140535,3
m_2645,9200.0,22,3.7408714379611516,0.2739039820828157,43.72434274586173,1
m_2647,12400.0,23,3.7385940854819038,0.27739875349581566,43.66001612253124,6
m_2650,12800.0,24,3.736364531377045,0.30187896399788655,43.87803234501348,7
m_2651,8800.0,20,3.5777497170703265,0.376069140590163,38.472466232171534,1
m_2654,9200.0,15,3.6647910169860087,0.2983689687968972,40.81012658227848,1
m_2664,9600.0,20,3.7584720561747633,0.26380559240064827,44.396524329692156,2
m_2666,9200.0,18,3.5212211985562214,0.332585868958087,35.73809992132179,1
m_2673,9600.0,18,3.667269984980777,0.3065165560577654,41.014270663729526,2
m_2690,10800.0,16,3.733195508157098,0.3391864533865308,44.277444539655335,5
m_2696,10000.0,18,3.3988878361553745,0.422644056832567,32.79922216820613,3
m_2716,13200.0,28,3.7151432358522802,0.2825857945873241,42.724407907614015,7
m_2721,13200.0,30,3.597595371290444,0.34545656485934667,38.70281046387241,7
m_2738,12800.0,29,3.708480181609117,0.30090484325336364,42.6412213740458,7
m_2740,11600.0,29,3.6146543255505885,0.3665180201544403,39.82390809151233,5
m_2748,9600.0,24,3.7094144266306213,0.3267870696179095,43.02942931000199,2
m_2755,13200.0,29,3.694311921708363,0.30254457549536556,42.06155075939249,7
m_2758,9600.0,17,3.784858385897018,0.28000966134645255,45.81310324656332,2
m_2759,9200.0,11,3.6994399269432248,0.4179513111866483,44.16252844000396,1
m_2766,4400.0,10,3.384302261198963,0.39558560540065535,31.852616136919316,0
m_2767,10000.0,23,3.6638454854604032,0.28728357870089655,40.65366522932184,3
m_2768,10800.0,16,3.744260460152859,0.2810488626181236,43.95304518664047,5
m_2769,4800.0,10,3.108916768801904,0.4782152203315775,25.038678793681186,0
m_2771,8500.0,22,3.7419483122837325,0.31286816202580575,44.30218568277522,1
m_2776,12800.0,30,3.6868738336396394,0.29592471815625454,41.69438569505864,7
m_2781,9600.0,15,3.6223246303740817,0.31443052809243516,39.3083725848313,2
m_2790,9200.0,19,3.720439116756904,0.2905175196160138,43.04199862299597,1
m_2797,5200.0,10,1.2140304740797674,0.18645897023422564,3.4278390404333527,1
m_2811,9200.0,22,3.7008740847657333,0.2753247924729542,42.02355019134531,1
m_2820,9200.0,22,3.883511060035491,0.22979528191806192,49.8864406779661,1
m_2825,11200.0,19,3.5802259403422054,0.32626291203251984,37.837171368259455,5
m_2835,10000.0,17,3.5670819964668987,0.3197700682470011,37.25196322543574,3
m_2839,18800.0,23,2.5146010549663775,0.9224926701350409,18.185352002349948,8
m_2843,9200.0,21,3.7402392041167714,0.31687312976970866,44.312134787689914,1
m_2847,13200.0,30,3.6340345155072615,0.31235250906342793,39.74182820220449,7
m_2848,9200.0,17,3.4921968690340073,0.35930713236693407,34.924050632911396,1
m_2854,10400.0,17,3.532158568331993,0.3659294748921065,36.614504556912934,4
m_2867,12400.0,31,3.682715494134074,0.2865676486885665,41.41890054390054,6
m_2874,9600.0,19,3.860153652637358,0.24184114787720198,48.845272744343255,2
m_2880,4000.0,9,3.4262112864505507,0.390983090087326,33.16900448081044,0
m_2889,3600.0,7,3.4727215467350856,0.38463814445602457,34.6125575712003,0
m_2892,11200.0,17,3.4733680003413725,0.44238661741649776,35.40426970633694,5
m_2894,10000.0,23,3.8169268022183744,0.25238624700478046,46.90889789615904,3
m_2898,10000.0,20,3.674688313424633,0.2697542319878665,40.89061605950791,3
m_2904,12800.0,32,3.6102421748835147,0.3251367000171157,38.93977591036415,7
m_2906,13200.0,33,3.7745335024440423,0.2647976994203265,45.119557705597785,7
m_2907,13300.0,33,3.74751319402269,0.28956022080027816,44.202924698509165,8
m_2932,10400.0,15,3.5115996262037004,0.41066685463529506,36.27972775887214,4
m_2937,11200.0,20,3.455869062079092,0.4315966991480424,34.64889014296463,5
m_2940,11600.0,17,3.5648999955752014,0.3968289209647857,38.28205614567526,5
m_2951,4800.0,9,3.325934501189558,0.40425302314739914,30.14380905022377,0
m_2954,9200.0,23,3.750182402308842,0.24136872443846205,43.77944694287628,1
m_2956,10400.0,25,3.7059644350998338,0.2857360167279249,42.364134615384614,4
m_2968,9200.0,23,3.6200757911059527,0.34973377598652144,39.817544206262966,1
m_2976,3600.0,6,3.262890283783883,0.4759190723408227,29.072690018538395,0
m_2982,11200.0,18,3.5833648102810662,0.34781525271858355,38.17823621431365,5
m_2984,3600.0,9,1.3041033405033307,0.1881140502451655,3.751743241952431,0
m_2990,12400.0,23,3.6165060586832425,0.2817613766416967,38.69542305064897,6
m_2993,13600.0,32,3.6862462684462005,0.286472769814179,41.541310541310544,8
m_2995,9200.0,19,3.719897488839696,0.2881503665905007,42.9849756097561,1
m_3011,11200.0,22,3.7147617415845113,0.31454177532136307,43.12007579535255,5
m_3028,12800.0,30,3.6529338120916384,0.3004145341073663,40.35782596345043,7
m_3032,10000.0,19,3.6719661587189703,0.2866077496611417,40.975621841244674,3
m_3042,9600.0,12,3.5091313086296583,0.3646712597408965,35.68357115310451,2
m_3045,4000.0,9,3.3871001564082626,0.416791637513095,32.138398115429915,0
m_3046,3600.0,7,3.3076249239254936,0.42425904088968774,29.759670451120265,0
m_3058,10000.0,18,3.5129966068089886,0.34727848103572373,35.61705685618729,3
m_3062,4000.0,8,3.440956671923852,0.3768258353703064,33.489881708866946,0
m_3065,10000.0,15,3.678151182544204,0.30538991570887697,41.43897298333014,3
m_3070,9600.0,14,0.1612412886970801,1.7454188944428686,8.541024176660956,2
m_3072,10400.0,17,3.9248479758139427,0.1904592675618026,51.540951827081514,4
m_3079,11200.0,20,3.516276496571411,0.3986599065325812,36.322732626619555,5
m_3097,13200.0,33,3.5096409423434136,0.37367084314912824,35.86021609106695,7
m_3109,9200.0,22,3.7250998491971234,0.27661253732516733,43.070293047308944,1
m_3121,10000.0,24,3.7361942433916497,0.2772407574582736,43.56777842793056,3
m_3124,9200.0,23,3.826068344822799,0.24918812580647132,47.315221733919294,1
m_3128,9600.0,18,3.557002991116189,0.39634927111034796,37.93195463642428,2
m_3132,13600.0,31,3.71352379219908,0.27862420563935375,42.59066859066859,8
m_3136,9600.0,21,3.772468663187044,0.27911490827897123,45.18699980480187,2
m_3139,10000.0,16,3.6683227006395236,0.32354976629464977,41.26662725391664,3
m_3151,12400.0,31,3.7591734966056936,0.27277318307830933,44.51039969328094,6
m_3169,3600.0,8,3.361318205490027,0.4222353952525481,31.44653360331694,0
m_3186,12000.0,29,3.743116835101979,0.2590031876679272,43.65418459131795,6
m_3202,12800.0,30,3.6064637549042784,0.32080761087723036,38.77845944103613,7
m_3207,12800.0,15,0.3310459390878483,1.7237112050569365,8.080965626862707,7
m_3212,10500.0,14,3.5376616930702136,0.35557115204038126,36.568079703067006,5
m_3218,10400.0,17,3.488665490992856,0.3607544036816396,34.90391139493115,4
m_3221,13600.0,32,3.8178414287989813,0.2350350645222995,46.762968645124175,8
m_3240,9200.0,22,3.5850764782801487,0.3208493667749709,37.95982187036121,1
m_3241,11600.0,29,3.714965133061957,0.2897412053495875,42.79353612167301,5
m_3261,13700.0,33,3.650704442880219,0.28787257889632173,40.104525111884634,8
m_3266,13200.0,31,3.5736177953820296,0.32572549088463987,37.602734523357384,7
m_3276,11200.0,21,3.6454699924413965,0.33160594604759625,40.41124288882461,5
m_3284,9200.0,14,3.5509533578331673,0.32825089030046567,36.76189562547966,1
m_3295,9200.0,16,3.8253373325003004,0.24008562828382385,47.17546278062229,1
m_3297,11600.0,23,3.7662754008542074,0.2583725561109786,44.66023856858847,5
m_3309,13600.0,33,3.6984075233415985,0.28142483095684184,41.988586740770145,8
m_3319,4800.0,10,3.4638721394403134,0.40902751777184754,34.75494978479197,0
m_3323,10000.0,21,3.77728325438315,0.28128003158983683,45.45005773672055,3
m_3329,4000.0,6,3.352424504096029,0.3915490560162521,30.788601853677775,0
m_3333,3600.0,9,3.3893399204440073,0.42099984144734537,32.26879953605258,0
m_3334,12800.0,32,3.828649619709116,0.2569396160792041,47.520194502332046,7
m_3336,4000.0,9,1.5335606644393796,0.19366664959979807,4.720991509710159,0
m_3338,10400.0,25,3.8043063682931493,0.2587781840673848,46.38226506024096,4
m_3340,9600.0,24,3.7642459976954723,0.26997738293791557,44.723161580790396,2
m_3341,12400.0,30,3.666631210241536,0.28938631188600283,40.76835774565913,6
m_3347,9200.0,12,3.5674469396280077,0.3500731805834763,37.69680598995356,1
m_3349,12100.0,29,3.5886026679292184,0.3591738996546295,38.54031184635863,6
m_3354,10000.0,22,3.697527811131436,0.31476787143950313,42.43110557100393,3
m_3356,9200.0,14,3.651347202026538,0.30045379383428567,40.27647000886437,1
m_3361,4800.0,12,3.434420744145775,0.39821832826296305,33.530712294530424,0
m_3363,12800.0,29,3.686370882357983,0.3046932888194006,41.73811402643519,7
m_3366,11200.0,17,3.4706894889871402,0.36676866748778186,34.383712905452036,5
m_3368,1600.0,4,3.3176831103683733,0.436748662458629,30.254865343031256,0
m_3378,3600.0,9,3.469919634737813,0.41751750234240553,35.12058993637941,0
m_3390,10000.0,17,3.61456793480415,0.3477339410087204,39.478808265257086,3
m_3392,9200.0,17,3.6428020684030824,0.31204164471414786,40.091656757827984,1
m_3408,8000.0,20,3.557228795880009,0.39611590198735463,38.00049583498612,1
m_3421,10800.0,12,3.3782429773408675,0.38122079216350346,31.542090200335537,5
m_3427,11200.0,18,3.6472481441135036,0.4268262787666514,41.93678725914275,5
m_3447,10000.0,15,3.589931515432202,0.37580928585099477,38.87965964343598,3
m_3448,4400.0,8,3.3394550603901174,0.4007208284945487,30.492155324573446,0
m_3465,12000.0,26,3.6135043346726974,0.31099911307762457,38.891999205876516,6
m_3483,11600.0,23,3.692562244918497,0.3491328907814589,42.69285432293723,5
m_3486,9600.0,24,3.7325447191034797,0.271137566686067,43.346735128850995,2
m_3494,13600.0,34,3.8332167019704984,0.2514408936252799,47.67028533000288,8
m_3498,9600.0,19,3.865702149627575,0.2221232023039584,48.89407451446691,2
m_3513,9200.0,22,3.792336970605724,0.26429782009108554,45.9005150994849,1
m_3516,12800.0,30,3.5686055089873006,0.3461600791573742,37.64275111331024,7
m_3519,10000.0,14,3.723983483319353,0.33103090866253077,43.76449168388938,3
m_3524,9600.0,15,0.18229028803650754,1.7385706963699232,7.929083168933651,2
m_3528,9200.0,19,3.7144464416286502,0.2916527956742167,42.79339006530774,1
m_3531,12800.0,31,3.675269900806371,0.288247741159603,41.11923411662315,7
m_3533,12400.0,29,3.746254729193929,0.3237041695607993,44.68588283999172,6
m_3549,9600.0,20,3.8029795920830893,0.28071538984791466,46.62424935659136,2
m_3557,12100.0,28,3.7412859093107182,0.28096995964519866,43.83559488692232,6
m_3558,10400.0,14,3.6182510861633754,0.3405288112136181,39.46436414453983,4
m_3560,13200.0,26,3.562776781947606,0.3540281956098083,37.51637554585153,7
m_3561,9200.0,22,3.828821144881722,0.24750111482279577,47.40929563967418,1
m_3565,9200.0,16,3.5920847797791895,0.3381536503331099,38.43572751193841,1
m_3590,9200.0,12,3.8424479197061605,0.2788759553791574,48.383719792583896,1
m_3598,9200.0,17,3.5866927586691406,0.34011582631495424,38.220599842146804,1
m_3616,9200.0,15,3.6222460338582585,0.3084937488702772,39.23471074380165,1
m_3617,13600.0,34,3.4815462495168075,0.383081142356657,34.95113723978412,8
m_3619,12400.0,26,3.692929714145304,0.29385970334121314,41.91432007215152,6
m_3626,10400.0,25,3.671134285553751,0.31392758771900753,41.256103398755386,4
m_3632,12000.0,15,3.6383691176325526,0.29322582384955304,39.693577075098815,6
m_3634,9600.0,21,3.8034090736999007,0.25306079812319365,46.29074513526341,2
m_3635,12800.0,28,3.7324611894872026,0.2801846545727689,43.44271255060729,7
m_3642,9200.0,20,3.6891530855762324,0.28539861714148923,41.66092995169082,1
m_3643,13600.0,32,3.6513674814251447,0.296459082898873,40.244267198404785,8
m_3647,10000.0,17,3.747823075450017,0.28298810641938227,44.13952561291609,3
m_3665,13200.0,32,3.546395525453842,0.3980815654787173,37.501304221814316,7
m_3674,9200.0,16,3.6790228799155584,0.3082468530347834,41.537563254184505,1
m_3677,9600.0,15,3.5329234031366554,0.33897291799028495,36.25048003072197,2
m_3681,12500.0,28,3.67748365897033,0.30325118453596606,41.385569548338225,7
m_3687,9600.0,23,3.7740975849556375,0.2570184703974769,44.99932969453222,2
m_3693,9600.0,21,3.782462660506628,0.2575505484115608,45.3908249655444,2
m_3700,4400.0,10,3.3120968516004905,0.42777730400421915,29.97098892482603,0
m_3719,3600.0,9,3.435755811271299,0.37312764296818973,33.24738008867392,0
m_3727,9600.0,19,3.953238752311917,0.19525265267886735,53.06254848719938,2
m_3728,9200.0,15,3.663959842087978,0.36291877176136994,41.72969780490206,1
m_3733,9200.0,23,3.8229619173457956,0.24039807811004738,47.06294999027048,1
m_3736,10400.0,19,3.68768585594411,0.31353758453520847,41.974015669939504,4
m_3741,9600.0,14,0.18108611584378057,1.7555538876982353,8.530467788264259,2
m_3755,10000.0,13,3.5540164568079864,0.35936775022937395,37.333016627078386,3
m_3760,10400.0,19,4.0247633407160865,0.1667250539966171,56.72547483845702,4
m_3766,10400.0,22,3.512763220255088,0.3498398113603289,35.63703412331596,4
m_3775,13600.0,32,3.491500496840468,0.4521504100416023,36.18655625913298,8
m_3779,4000.0,10,3.463742580783655,0.3455064969422309,33.86904528523819,0
m_3784,10000.0,24,3.7853574370860206,0.2572658238806755,45.51388756323375,3
m_3786,13200.0,31,3.732424326262112,0.34625040472392826,44.37010131905945,7
m_3787,12400.0,30,3.6862892492889947,0.3185249942652155,41.95775737071049,6
m_3789,9200.0,23,3.74892966512141,0.28302139925461156,44.15112603713947,1
m_3802,9200.0,15,3.69187971311719,0.29765116438584216,41.93251355538342,1
m_3806,12000.0,14,3.4247890800092686,0.3868743423197365,33.07525410476935,6
m_3811,12800.0,32,3.576766030917994,0.3270126099297003,37.73154034229829,7
m_3815,9600.0,15,3.5590257693781657,0.32839603447419635,37.048899512000794,2
m_3821,10000.0,21,3.760070088565348,0.2554439777754946,44.36061483181954,3
m_3825,10000.0,16,3.6186663849805116,0.32384163308841835,39.25507944150217,3
m_3831,9600.0,20,3.481356942465257,0.375530111637082,34.87618864662376,2
m_3834,4400.0,10,3.4204583165012927,0.3890646424398145,32.930343884329815,0
m_3854,9600.0,14,0.18902682833115467,1.751224366728575,8.15476661392405,2
m_3861,10000.0,19,3.5294846490298717,0.35169878909615837,36.2738299807945,3
m_3870,12800.0,30,3.7296188991672277,0.2828676220490552,43.35957363583024,7
m_3873,13200.0,33,3.7493235161026726,0.26243848491031,43.96972850250686,7
m_3876,4000.0,9,3.553837087955012,0.3936542397908931,37.79992460654038,0
m_3880,9200.0,16,3.6328395339937085,0.36783972326724534,40.5391380826737,1
m_3887,11600.0,16,3.669164794330447,0.29941950605707485,41.00019225223493,5
m_3895,12000.0,18,3.741938744362565,0.2942409398014818,44.03977834949535,6
m_3898,10000.0,18,3.782027991938648,0.2556758879576802,45.339344416267494,3
m_3901,9200.0,16,3.6095749521969274,0.3103254454181959,38.762910798122064,1
m_3908,10800.0,21,3.742456808711771,0.2729245080669636,43.765765765765764,5
m_3913,10400.0,15,3.592721587776811,0.3767107410775817,38.78778550148957,4
m_3916,3600.0,9,3.502775348279889,0.4160632802197158,36.255531623262186,0
m_3932,9200.0,23,3.7196692772509645,0.26957857321590023,42.772261094603664,1
m_3941,13000.0,27,3.6510064964746936,0.3107641510623552,40.38318766571737,7
m_3947,12800.0,30,3.5124542372346137,0.3935605186081447,36.40961462058006,7
m_3959,9200.0,14,3.539426977741739,0.33246005208639856,36.385714285714286,1
m_3961,4000.0,9,3.524338288398694,0.3417577574745452,35.96474667694086,0
m_3965,4000.0,8,3.5117430314941966,0.3899391726776148,36.06701080202657,0
m_3989,12800.0,30,3.886281015813806,0.22597285686978352,49.98359375,7
m_4000,11600.0,26,3.6978812587466856,0.31696909176182775,42.43999218139171,5
m_4003,12400.0,29,3.729960118483185,0.28161590372921613,43.33037124802528,6
m_4019,13200.0,24,3.75873045797632,0.27758599075285456,44.546082949308754,7
m_5,10400.0,22,3.7308652240040545,0.29336369613671043,43.53081822635963,4
m_12,4400.0,10,1.4419417461641715,0.19515910908712436,4.3094769956744,0
m_22,13200.0,29,3.7339766848185993,0.2795839832630622,43.477751081210954,7
m_36,9600.0,24,3.5637555575559574,0.3488367674034799,37.49786739046142,2
m_37,10400.0,21,3.703026206290155,0.33547873600284184,42.89104534973097,4
m_38,12400.0,30,3.5797046919479225,0.34138505045627204,37.98825052275217,6
m_41,3600.0,9,3.462341970114445,0.3826794961901271,34.267360779444076,0
m_44,13600.0,32,3.6547464826676834,0.3263697419532466,40.779356335169616,8
m_88,10800.0,23,4.028611732881439,0.16356714314660248,56.930405019965775,5
m_91,10400.0,19,3.7017249613297456,0.32134304921554085,42.6799885812161,4
m_93,10000.0,17,3.721451017050277,0.29987252352883953,43.22812888421455,3
m_100,11600.0,22,3.61816285801173,0.3362355517841571,39.480442512840774,5
m_111,9200.0,19,3.692472188277328,0.2795149907869232,41.75792561748841,1
m_117,3600.0,9,3.4766797075418876,0.3673022075970383,34.57433155080214,0
m_131,9600.0,19,3.7720167901748107,0.2753604836772009,45.0975126350213,2
m_143,13200.0,32,3.7449536643418226,0.29436785928562836,44.14835689721055,7
m_145,9500.0,17,3.6078968261152564,0.3819283620716221,39.742733397497595,2
m_149,13200.0,33,3.6404943811498605,0.32555698401935507,40.2110914105595,7
m_150,10400.0,22,3.909637384280218,0.2103806976617852,50.9693359375,4
m_155,9700.0,20,3.403402545960507,0.382588812111783,32.36731663862219,3
m_162,9200.0,16,3.706881043809918,0.33355348239912336,43.10794456373219,1
m_163,13200.0,32,3.7527791684611747,0.2475623999394733,43.94801907913949,7
m_164,9600.0,21,3.9337341715064715,0.19862423628486373,52.06936132640047,2
m_174,12800.0,29,3.6228555514847343,0.3227539311800081,39.430961933653,7
m_179,8800.0,14,3.836741486259306,0.22713187385403602,47.550701402805615,1
m_202,12800.0,31,3.807353323133281,0.257915791254767,46.52169411764706,7
m_204,11200.0,17,3.552902036287203,0.38299034869902837,37.45758432639871,5
m_221,9600.0,14,3.913347583569198,0.2911491221511629,52.03955938697318,2
m_223,9200.0,16,3.6742140158339684,0.33483055778257864,41.68813559322034,1
m_230,13200.0,30,3.7529551847441525,0.2803425668622305,44.322335987864996,7
m_249,9600.0,17,3.6575856791241925,0.31321098520587604,40.69063982189527,2
m_261,12400.0,31,3.6058975656941965,0.3997130150984588,39.80395004356666,6
m_265,12400.0,28,3.6673802156346724,0.31278464601245476,41.114986322782336,6
m_267,9200.0,23,3.7512564628758707,0.29041685362178643,44.41688708036622,1
m_296,10000.0,15,3.7166466965474583,0.2832256345485571,42.800551832873474,3
m_318,9700.0,12,3.6223270995556462,0.3496526762630244,39.61331513792767,3
m_323,12400.0,28,3.6819168698923943,0.2887421504088322,41.38499120578464,6
m_327,13200.0,32,3.70673091156225,0.305865248943431,42.63027027027027,7
m_333,4000.0,7,3.5072656340837063,0.3815946329869305,35.93467773060594,0
m_334,13600.0,31,3.7347550401142415,0.27889121375972775,43.520792467634365,8
m_337,10000.0,17,3.7194242090298943,0.30537549434499023,43.222463836626645,3
m_342,9600.0,14,0.08111647088055111,1.657091560489878,7.151546180626664,2
m_343,10800.0,17,3.7319948561022227,0.2873253568901339,43.50912633305988,5
m_356,10000.0,16,3.706780690864369,0.33269125032033764,43.04079062106385,3
m_375,9200.0,18,3.730398897700503,0.2846829593223244,43.3980382540461,1
m_378,9200.0,23,3.8330622433645285,0.2438473168162416,47.56081480023617,1
m_380,9200.0,17,3.6523923279565578,0.31214311456902705,40.46650294695481,1
m_403,13200.0,23,3.682717604549319,0.34172368343962156,42.05580423754103,7
m_404,9600.0,24,3.697341709919345,0.3044266380342802,42.269136045709786,2
m_411,9200.0,22,3.837096244009488,0.2776087042893013,48.188891058180396,1
m_427,8800.0,20,3.561132838690956,0.37190585924245384,37.75581850185801,1
m_429,12800.0,32,3.6208948443292357,0.33431831605504175,39.498379015620394,7
m_434,12800.0,32,3.6672996932345616,0.31622142420055666,41.127369439071565,7
m_438,10000.0,20,3.605685233692619,0.32867087156215397,38.84878240377062,3
m_442,12400.0,30,3.7180234047908653,0.2860147088870804,42.871076011846,6
m_443,9600.0,18,3.8218772542864863,0.2989334663658355,47.74744496855346,2
m_450,9200.0,16,3.6721910270187643,0.2927004154098738,41.0525792664745,1
m_452,9200.0,23,3.8164426034204455,0.271494847809274,47.14346357935359,1
m_470,12400.0,29,3.7273508339587345,0.2689309625923625,43.06863489652554,6
m_473,9600.0,16,3.9670205335704924,0.17989389012837387,53.66778716865156,2
m_479,10000.0,18,3.798303346743912,0.23884718043661124,45.90044078190878,3
m_486,9600.0,23,3.8176030932662908,0.24854383658918996,46.91013687760365,2
m_488,9200.0,23,3.8292588375685668,0.26771702812038817,47.645551668715136,1
m_489,9700.0,18,3.3399870594846366,0.4094666590672601,30.637069383794273,3
m_504,10000.0,16,3.861213162012833,0.21528533647912296,48.61158205543385,3
m_507,4400.0,9,1.6661194814563172,0.24790840154912216,5.454269486878182,0
m_515,9600.0,17,3.849704619306349,0.2507603083732118,48.44453360080241,2
m_521,4000.0,10,3.398124318641034,0.4023387825860974,32.370235038514714,0
m_524,12000.0,23,3.6605755729614056,0.29175306897494896,40.57976352006203,6
m_529,9200.0,21,3.643899982685348,0.3099916571767413,40.09137607428628,1
m_537,13200.0,31,3.5671435626421117,0.28795676965794986,36.91113036780281,7
m_544,10800.0,20,3.7187444706795545,0.27114583267197256,42.75179245283019,5
m_545,10800.0,22,3.8972951036557197,0.22840493853486626,50.566543874563145,5
m_548,10800.0,13,3.647854638353726,0.34930614519643155,40.79110251450677,5
m_554,9600.0,21,3.7044243590063846,0.2820019966128746,42.25411280846063,2
m_555,12400.0,30,3.6552617975713244,0.30788035446927386,40.520166898470094,6
m_557,13200.0,33,3.772739811073942,0.288805475112845,45.336945352638956,7
m_558,12400.0,26,3.5529622702514896,0.3725193395940888,37.582862803368,6
m_572,4400.0,9,3.3605114400126057,0.3860985505665866,30.991386818929644,0
m_590,9200.0,17,3.6127825069097446,0.3241202599108632,39.05083618396047,1
m_595,9600.0,22,3.799436388455736,0.2894214410211939,46.52485480854415,2
m_607,10000.0,14,3.887759403936879,0.24152305791016457,50.23249902229175,3
m_609,9200.0,23,3.74319331902449,0.2685925749332968,43.7939286067438,1
m_610,9200.0,19,3.6448144116437544,0.30358982145380004,40.07862137862138,1
m_613,12400.0,28,3.738416572932376,0.25850921514038727,43.45785832602553,6
m_616,9200.0,23,3.7098201527618664,0.2775952643869193,42.43342748612058,1
m_626,9200.0,22,3.786142377946711,0.2559351728609248,45.51970933704957,1
m_629,9600.0,22,3.9123645359665282,0.1926254617724048,50.933774199731644,2
m_644,11800.0,23,3.7984621487603265,0.27417165821284734,46.308982035928146,6
m_647,12400.0,28,3.611689503246521,0.3272265849834096,39.052409696272875,6
m_651,10400.0,17,3.5902618449426926,0.30747049591543013,37.99299789936981,4
m_652,12800.0,30,3.69291381220037,0.2786761562833816,41.72473560517039,7
m_655,11600.0,19,3.6472220273971843,0.33336528565484863,40.490250430128086,5
m_656,8800.0,17,3.800648474667356,0.26086360825104576,46.27586850952559,1
m_661,12400.0,31,3.600244010164239,0.3410184569811387,38.744680851063826,6
m_665,9200.0,22,3.755725090809038,0.2595415900707543,44.21143504104161,1
m_673,9200.0,16,3.6464603759602854,0.3057880112642181,40.15215894560834,1
m_678,3600.0,9,3.3421490859589,0.4379500852415639,31.030457813091186,0
m_685,10000.0,22,3.829950775881085,0.23075131817409042,47.28383496113215,3
m_690,10400.0,14,3.6306646619759078,0.3972121159196502,40.5606075549857,4
m_694,9200.0,23,3.790920290827582,0.2778647315956232,46.04059040590406,1
m_700,9600.0,20,3.5579104356354088,0.3205033960451761,36.932959832874374,2
m_704,11600.0,18,3.8851785751010346,0.2066023827784294,49.703689282585415,5
m_705,10000.0,16,3.358030191027316,0.37829619711614776,30.843506557538703,3
m_713,10000.0,22,3.6578209887451383,0.29630292606153763,40.48797958983417,3
m_718,9200.0,23,3.6930933000915602,0.25896489174265697,41.530233971437255,1
m_722,13200.0,31,3.861797865562158,0.22696072879863824,48.75076297049847,7
m_727,9200.0,23,3.807442859153898,0.24335304182623527,46.37410071942446,1
m_733,13200.0,32,3.5447879821304356,0.3597480335819096,37.02548460100364,7
m_734,11200.0,19,3.616558728716339,0.31374405282446016,39.065081351689614,5
m_744,9600.0,23,3.8151846699349696,0.2969790235731201,47.39436079409226,2
m_750,10000.0,18,3.751722954552919,0.26289490014834366,44.063074641621355,3
m_753,10000.0,15,3.904509987431919,0.20645596751569364,50.66199941251347,3
m_754,9200.0,23,3.830990204326404,0.250050904873637,47.53984446015554,1
m_757,10000.0,18,3.912044090675507,0.20862676559882973,51.077181530191034,3
m_758,10000.0,16,3.524397713569037,0.3520364875433932,36.06554670809866,3
m_762,3600.0,9,3.467203872485777,0.43634340445659764,35.31009916241456,0
m_776,11200.0,21,3.450074564449074,0.41252939118935517,34.250170615189624,5
m_778,10400.0,23,3.817169584077202,0.24360055181339663,46.816055812125384,4
m_780,11600.0,13,3.443926711186204,0.3584923812342722,33.37695781685404,5
m_786,13200.0,32,3.7035010170005487,0.32051946705179607,42.66292803970223,7
m_789,13200.0,30,3.595774063030812,0.33507139470207353,38.507708926642444,7
m_792,10000.0,17,3.657909758664875,0.29447220960755305,40.4781186880831,3
m_794,4400.0,9,3.478192201243927,0.38530771790982926,34.825192802056556,0
m_795,9200.0,14,3.80378253198145,0.26935982351283155,46.46534847298356,1
m_807,10200.0,16,3.7006880447197603,0.29015830620055977,42.188712179984485,4
m_808,10400.0,21,3.8727288719801116,0.21345737559009512,49.1631254283756,4
m_831,9200.0,23,3.7435165651361566,0.2553310711553695,43.622735915140595,1
m_835,11200.0,18,3.6530422797716295,0.3171019450221148,40.567850902737334,5
m_837,13200.0,32,3.824779690198476,0.24995286267114586,47.25294174851697,7
m_841,9200.0,18,3.8377659464032847,0.22598991795520842,47.61334103378574,1
m_849,12800.0,30,3.743762826434547,0.30187322203077943,44.188096409247414,7
m_851,9600.0,17,3.961604196349826,0.1972633869355879,53.53326211517918,2
m_860,4000.0,9,3.4766355612455215,0.3883944280357952,34.875290923196275,0
m_872,12400.0,27,3.8977435904261974,0.2691478607358829,51.036378499897815,6
m_878,9200.0,22,3.7203710061139668,0.28374964235784617,42.96892049883086,1
m_889,9200.0,18,3.4741938344796175,0.414906894727629,35.17464067729868,1
m_895,10000.0,20,3.809649778646331,0.27404807723463137,46.863691989080294,3
m_918,4000.0,9,3.2744928920114664,0.4524231133527986,29.134322530261617,0
m_942,9200.0,16,3.6752516937729838,0.33699506741804935,41.800316018171046,1
m_959,10000.0,17,3.78241712451034,0.27658866061490445,45.6359776104999,3
m_961,9200.0,23,3.785691825768839,0.2664623560061464,45.62526437223611,1
m_962,12400.0,30,3.6253056808325335,0.3267743667770788,39.57454151055019,6
m_969,11600.0,22,3.7652446402556836,0.2588731705522406,44.63207267700207,5
m_972,13200.0,22,3.7012924743264066,0.3324426022757833,42.837367849026776,7
m_977,10800.0,16,3.6101948053098707,0.42526654576938044,39.91620111731844,5
m_980,9200.0,16,3.510317896978461,0.34248067346089195,35.435412355897135,1
m_981,9200.0,23,3.7253790052067544,0.2794062959462608,43.11707695289785,1
m_988,10800.0,17,3.6300082100372246,0.31460470775920996,39.624385542168675,5
m_994,10400.0,21,3.7784748121143106,0.2647651484665933,45.277836896585086,4
m_1005,11200.0,19,3.783849824324721,0.2572619023749786,45.438264956428085,5
m_1006,9600.0,21,3.948022126742334,0.18880350250643924,52.74211557296768,2
m_1023,11600.0,22,3.800441905050379,0.24301999248387746,46.03172400118965,5
m_1038,9600.0,21,3.5688923597578452,0.3219073949756076,37.37524159257828,2
m_1044,12800.0,28,3.718877875919327,0.31357653651605966,43.32768639810893,7
m_1050,9200.0,17,3.7347292323964076,0.28641053013781304,43.60693423779913,1
m_1051,13200.0,33,3.6012131410751924,0.3475392601615739,38.92327166504381,7
m_1052,9200.0,22,3.77203161911781,0.28702903739154295,45.308133971291866,1
m_1058,13200.0,33,3.672909798306977,0.3411233778099106,41.6489382618954,7
m_1078,10100.0,26,3.7657076645149616,0.29190207464569645,45.070269741985925,4
m_1088,13200.0,32,3.4792153640695527,0.36108301172282753,34.628232549095856,7
m_1089,9200.0,23,3.7663151185830417,0.2664452746469506,44.74666927899686,1
m_1093,13600.0,33,3.8205749372543503,0.25089231609183943,47.052600414487316,8
m_1094,10000.0,17,3.5778559966349017,0.3430341119557816,37.953835576073075,3
m_1102,13200.0,25,3.7631931795118456,0.2835631907664871,44.81293790190997,7
m_1104,9200.0,21,3.6921474679230766,0.3333953131011213,42.41983308787432,1
m_1114,4400.0,8,3.3621119406480053,0.44291288604769874,31.734359868293627,0
m_1116,12800.0,30,3.6710809884307634,0.30641487587937116,41.1441072957291,7
m_1122,13600.0,34,3.630228681883077,0.3467649897516279,40.06716417910448,8
m_1130,12400.0,30,3.69374632950784,0.3037487454315622,42.09086375423898,6
m_1135,11200.0,18,3.669738185409784,0.294596734600484,40.9517578125,5
m_1137,9200.0,23,3.875727153837787,0.2135342797982279,49.30092367525523,1
m_1138,9600.0,19,3.8217513783296178,0.25663519371618,47.16925373134328,2
m_1139,11200.0,22,3.850235389034435,0.32168609509847723,49.41466019417476,5
m_1148,3600.0,9,3.5155178307835735,0.3699983794054487,35.93543275896217,0
m_1159,12500.0,30,3.5997748230121216,0.3247034051276975,38.56965368812366,7
m_1165,10000.0,17,3.4456006845921046,0.3684052863652811,33.55919907138711,3
m_1176,11600.0,9,3.7734023660415414,0.2884726400929269,45.356746582128,5
m_1199,11200.0,25,3.5906016755775054,0.34245066642054006,38.410085352693024,5
m_1201,13200.0,31,3.7596190789523956,0.27711052189399643,44.576658595641646,7
m_1205,10800.0,13,3.6893134364649978,0.3006939079632282,41.851115896632734,5
m_1218,13600.0,32,3.776079606156057,0.28200933144528795,45.361876033862025,8
m_1220,10400.0,19,3.6468129496822015,0.2773295731481602,39.86432682328522,4
m_1221,3600.0,8,3.400894512493349,0.38761309810812716,32.3033480854339,0
m_1223,3600.0,9,3.3737592228336273,0.42963556797476,31.84354628422425,0
m_1232,11600.0,29,3.533996255349898,0.35887669390813093,36.528587443946186,5
m_1240,9200.0,14,3.6631045267720026,0.2986717026358317,40.75646487664718,1
m_1259,9200.0,18,3.6421349292214207,0.3265686839870263,40.23606557377049,1
m_1261,9600.0,15,3.8001758683543994,0.24211102131618517,46.00048053820279,2
m_1269,9200.0,20,3.8348287017282088,0.2381147283175957,47.58901908901909,1
m_1277,10800.0,18,3.8242659114090833,0.2766248919722969,47.58419855631366,5
m_1279,9600.0,23,3.8369137543083904,0.2516981344601019,47.82571538313808,2
m_1281,9600.0,23,3.8302977391424666,0.2923661447849608,48.01540740740741,2
m_1289,11600.0,18,3.6352081943140657,0.3600685290542149,40.44926236044657,5
m_1290,10400.0,21,3.8993209231413553,0.20424710480502106,50.36451612903226,4
m_1293,10000.0,20,3.9342649844786313,0.20840261881349817,52.21558724499901,3
m_1300,9200.0,15,3.6310086000026742,0.34221986232295454,40.06913214990138,1
m_1309,9200.0,23,3.8287841963991465,0.24463103848970796,47.38558207501218,1
m_1311,13600.0,34,3.7347885086688035,0.27073886306841716,43.40257000383583,8
m_1316,13200.0,31,3.6692514056808823,0.33082255244453806,41.40749324063345,7
m_1322,9600.0,21,3.839044175602181,0.23676167188125152,47.79603399433428,2
m_1328,9200.0,21,3.7788759177140676,0.26455331750168865,45.31856171039845,1
m_1332,12400.0,30,3.7325749427240855,0.28768174307057076,43.5103639316076,6
m_1333,9200.0,23,3.872846064477919,0.23977976335380644,49.46575474424429,1
m_1337,13600.0,33,3.693747314052365,0.3525459745055934,42.80341798739737,8
m_1341,9600.0,23,3.696317239313218,0.2938881728332953,42.0551463644948,2
m_1343,9200.0,13,3.584872898706607,0.33395903384465886,38.10877496159754,1
m_1344,9200.0,14,3.51297139808942,0.3625223916547865,35.79389758041007,1
m_1346,5200.0,10,3.3812105579460976,0.41504533609770844,31.938053940722387,1
m_1348,10800.0,20,3.5787494945702183,0.34063785032176563,37.96578177046533,5
m_1362,5600.0,7,3.378252561942125,0.4399487774241318,32.29501317458769,1
m_1374,12800.0,22,3.6315734100072485,0.3247988271616847,39.848414314809425,7
m_1382,9600.0,21,3.7382999585863748,0.2806345970437394,43.69884596086302,2
m_1384,12000.0,23,3.7156507630185613,0.3315220593363186,43.44448672818952,6
m_1386,10400.0,23,3.884898120635382,0.2374773062697487,50.036620559259624,4
m_1390,12800.0,26,3.4977830568819877,0.37803294978587354,35.44051168606329,7
m_1400,9600.0,24,3.8254450235737947,0.2400023554830142,47.16755057945394,2
m_1408,4000.0,10,3.32943338380158,0.4074700588869544,30.252085991950526,0
m_1414,13600.0,28,3.7037995904400947,0.282927932905239,42.249452300338575,8
m_1415,10000.0,20,3.7728946068834817,0.2495716499069172,44.870517542159334,3
m_1419,10000.0,16,3.6183565262570982,0.3184571067761903,39.177954456223006,3
m_1421,9200.0,17,3.905408548299701,0.24774774311473297,51.180514921006434,1
m_1423,4400.0,9,1.5783790528157189,0.2099177176200977,4.951245110199409,0
m_1443,12000.0,23,3.65399427583553,0.3209170773617154,40.63824390243902,6
m_1461,10400.0,14,3.6093051781512306,0.3471209446666858,39.19988048999104,4
m_1464,9200.0,18,3.6210972295006263,0.3261031020785214,39.451118273268875,1
m_1467,4000.0,9,3.3535845293414814,0.3923901254126424,30.871679197994986,0
m_1476,10000.0,16,3.5729138322088203,0.3722735770569753,38.25587415372362,3
m_1482,9200.0,19,3.702185179151298,0.29530457094518264,42.29971428571429,1
m_1488,13200.0,32,3.7516235898537795,0.2949714831129194,44.49287776708373,7
m_1501,11200.0,22,3.5677232209244973,0.3229712983181795,37.29275444570564,5
m_1502,12500.0,29,3.609826195255866,0.3156091778741031,38.83211462450593,7
m_1504,13200.0,31,3.7086758181681057,0.2861128752395562,42.474695643424894,7
m_1509,8000.0,16,3.526405981116351,0.3713463385889176,36.557507680491554,1
m_1513,10000.0,17,3.700835100645023,0.3319009929966537,42.70863095238095,3
m_1519,10000.0,20,3.5777856595453743,0.3159565809341802,37.63291388124263,3
m_1520,13200.0,31,3.633728551783589,0.31206807236820683,39.73655589123867,7
m_1546,9200.0,16,3.6293695185404244,0.31397234981370337,39.58334135772749,1
m_1574,9200.0,18,3.7061308998113516,0.2918560719526288,42.43643373493976,1
m_1589,10000.0,16,3.5781144377798197,0.30181387056005365,37.482881105081404,3
m_1596,12800.0,24,3.6741338053776675,0.2931163438191859,41.12193922706264,7
m_1599,9600.0,20,3.7241666925719104,0.3032663712000839,43.39719358533792,2
m_1600,9600.0,20,3.8424922833759245,0.23918067481902835,47.960912679310674,2
m_1616,9200.0,23,3.739657328397954,0.2787291766845543,43.73310944290794,1
m_1622,10000.0,20,3.9011043370235305,0.21149561729631255,50.53354474284016,3
m_1629,13600.0,31,3.704465465276726,0.2939405147943478,42.389703739679454,8
m_1637,9200.0,15,3.734557922048681,0.26066118734628413,43.29873367235018,1
m_1646,11600.0,23,3.6542204170258317,0.33472417328318926,40.93180061823802,5
m_1661,13600.0,31,3.61591398063503,0.31304234920780366,39.04146219328994,8
m_1663,9600.0,24,3.7541464602880366,0.2639533465751889,44.19214518916843,2
m_1706,9600.0,13,0.808226071078595,2.11752890225361,16.102534562211982,2
m_1708,13200.0,27,3.6980974057514557,0.2934830575002585,42.117103085758785,7
m_1724,9600.0,24,3.799445625637066,0.29744902279337554,46.710830395613,2
m_1728,13200.0,28,3.7012220782479814,0.3446002598932653,42.97789783889981,7
m_1739,10000.0,15,3.538018205057599,0.3441854518155911,36.479834440273365,3
m_1746,9200.0,23,3.761836775704344,0.2682286922261768,44.56424312367763,1
m_1758,9200.0,20,3.8088817430555686,0.2659104482021199,46.69443355546844,1
m_1764,10000.0,18,3.5577957041738038,0.3737300394614655,37.66102189781022,3
m_1767,13200.0,32,3.6543641358082444,0.3170549753061769,40.60156024270442,7
m_1773,12800.0,31,3.6810400934773577,0.3080862889484164,41.571696520678984,7
m_1775,11600.0,29,3.6032660169996533,0.37322209484824137,39.40933486678168,5
m_1776,3600.0,8,3.3857878999956927,0.41893951981434735,32.15109439784013,0
m_1786,12000.0,16,3.5158211148675096,0.43847992820148884,37.09347496206373,6
m_1788,13200.0,31,3.698985253456077,0.315225461280017,42.37003175825233,7
m_1798,4000.0,8,1.4027455323838482,0.2153403886110482,4.160749313456257,0
m_1805,9600.0,24,3.8045851218319044,0.24694816429313987,46.28659585230147,2
m_1808,9600.0,14,0.2153698714682651,1.804857025234807,9.710628548660225,2
m_1814,12000.0,29,3.607317889853589,0.4139358270598139,40.2170981924768,6
m_1821,9200.0,17,3.6679161942710783,0.3623091425505722,41.90147159146282,1
m_1844,9200.0,22,3.7666312398889965,0.27533852039506734,44.85122199592668,1
m_1851,10400.0,18,3.569694253416755,0.35971753446190846,37.844778743772586,4
m_1852,4000.0,9,3.3753993264802276,0.4105435905876674,31.699025341130604,0
m_1860,9200.0,14,3.6416962690892825,0.3253412921209069,40.1841429699842,1
m_1862,9600.0,23,3.84995382605892,0.22850554892715214,48.21178471388556,2
m_1864,10400.0,17,3.7493373134671146,0.2778584896023191,44.15841488227885,4
m_1871,4400.0,11,3.446701554524117,0.3774585814128788,33.66281502141648,0
m_1879,9200.0,14,3.574930346498206,0.3303411559333456,37.65959096636619,1
m_1885,4400.0,10,3.452265986140777,0.42060223847241457,34.307707241312364,0
m_1891,10000.0,18,3.6905189539214023,0.29633746231188096,41.84669260700389,3
m_1897,11200.0,21,3.690109294188982,0.43055889986051166,43.905119194605376,5
m_1900,9600.0,24,3.7080752340204666,0.29954877848444467,42.61844698462751,2
m_1903,10400.0,24,3.8144304506803732,0.24990076343482864,46.77948914187315,4
m_1908,9200.0,17,3.5865553343438425,0.3155642214622537,37.94564570521722,1
m_1910,9200.0,23,3.8248838515432446,0.24180497565589235,47.16068326577881,1
m_1917,9200.0,18,3.6225960389280103,0.30641202041775184,39.221278672523184,1
m_1918,9600.0,12,3.857698202243474,0.24982924452315824,48.814842649131045,2
