method,param,share_at_target,mean_coverage,median_headroom,median_ceiling
lognorm,1.0,0.2887123064384678,0.841873849251944,-0.11068487371064448,1.9198797127507565
gauss,1.0,0.3139771801140994,0.8609811498996025,-0.08877150661819977,2.023568603988296
lognorm,1.1,0.31968215158924207,0.8591470994370357,-0.0859768783384715,1.9609087077535081
gauss,1.1,0.3341483292583537,0.8713062662276062,-0.070925561976486,2.0692689043472834
lognorm,1.2,0.36185819070904646,0.875560912256933,-0.055433585847687455,2.006372627492963
gauss,1.2,0.35635696821515894,0.8812975715651713,-0.05388884030300971,2.1113043330463004
lognorm,1.3,0.4042379788101059,0.8927508644444271,-0.028087242978037157,2.065370979809411
gauss,1.3,0.3822330888345558,0.8914350513329439,-0.03552389758364316,2.1649026807033183
lognorm,1.4,0.4612876935615322,0.9139614622272888,-0.0016423656708154152,2.1122442143608504
gauss,1.4,0.41972290138549306,0.9062805501388941,-0.015212309789416702,2.218262758967321
lognorm,1.5,0.502241238793806,0.9250771453177546,0.01977132241861479,2.1484866864652434
gauss,1.5,0.4551752241238794,0.9168861066667497,0.0,2.2641062350063477
lognorm,1.6,0.537082314588427,0.9341916973485678,0.043492359589183724,2.212347420271329
gauss,1.6,0.4759576202118989,0.923295912413998,0.013578273432905406,2.308947519830781
lognorm,1.7,0.5727383863080685,0.9425658017432946,0.07477956155919474,2.2668822587253694
gauss,1.7,0.4993887530562347,0.9295883190356572,0.027628391503767016,2.355605124565968
lognorm,1.8,0.6004482477587612,0.9497961338490228,0.10696859857418953,2.3226877954194083
gauss,1.8,0.5162999185004075,0.9356281837465142,0.04127676392154225,2.4035844373737874
lognorm,1.9,0.6297881010594947,0.956779068748052,0.13984179594645946,2.3777667726264564
gauss,1.9,0.5372860635696821,0.9421209020830208,0.05428048544235109,2.4488507363175493
lognorm,2.0,0.6542379788101059,0.9628657854316958,0.17453463670366548,2.4489092863635573
gauss,2.0,0.5647921760391198,0.9481438329462709,0.06867777743877465,2.488540400362395
lognorm,2.1,0.6731866340668297,0.9669441821780077,0.21635012749607596,2.5262191604991777
gauss,2.1,0.5833333333333334,0.9533636222597948,0.08358033066176881,2.5347835714362574
lognorm,2.2,0.6966177669111654,0.9701913229453848,0.24864242215461635,2.5975811354564664
gauss,2.2,0.6085982070089649,0.958060966662456,0.10056958887842374,2.574888175513389
lognorm,2.3,0.7226976365118174,0.9729618426187722,0.28442702442476975,2.6758158710706588
gauss,2.3,0.6285656071719642,0.9615296842511646,0.11924094838450683,2.6138350658455187
lognorm,2.4,0.7418500407497962,0.9753202202175931,0.32508593590397006,2.7423934510229477
gauss,2.4,0.6471067644661777,0.9645950864425094,0.1373263997074242,2.664086674651373
lognorm,2.5,0.7603911980440098,0.9771804326841748,0.36365128252166123,2.819242061685821
gauss,2.5,0.6709453952730237,0.9675643917931106,0.15344983532218315,2.7134465553689564
lognorm,2.6,0.773838630806846,0.9791047551975812,0.4057208540792301,2.8828652160378967
gauss,2.6,0.6939690301548492,0.969914431897082,0.17095758870565497,2.7573375533127704
lognorm,2.7,0.7903422982885085,0.9816687187066677,0.4535686224337552,2.9667618954605794
gauss,2.7,0.7100651996740016,0.9719467632876289,0.19125927596528253,2.791381189750294
lognorm,2.8,0.8027709861450693,0.9835491432461304,0.5041854926284257,3.042276440319182
gauss,2.8,0.7243276283618582,0.973780893411962,0.21330221897377372,2.831266088961181
lognorm,2.9,0.813162184189079,0.9850837591626455,0.5571095948498423,3.1269618838010365
gauss,2.9,0.7359413202933985,0.9751674363115387,0.23625329440082438,2.8702980454167255
lognorm,3.0,0.8231458842705787,0.9861845211516055,0.6172041036753774,3.2129236613861387
gauss,3.0,0.7524449877750611,0.9767027949891782,0.25499537312428616,2.9250054476148213
lognorm,3.1,0.8339445802770986,0.9871339511134748,0.6734975474724776,3.306805312598409
gauss,3.1,0.7656886715566422,0.9780055948327993,0.27579836556222925,2.966282446688381
lognorm,3.2,0.8445395273023635,0.9880693686055875,0.7333426886480208,3.401406705487447
gauss,3.2,0.7736348818255909,0.9788073050611288,0.2959346270631479,2.995749352482246
lognorm,3.3,0.8526894865525673,0.9888984882238583,0.803798471905289,3.5034566135506635
gauss,3.3,0.7832110839445803,0.9795928234783685,0.31616138885768597,3.0384205048890895
lognorm,3.4,0.8604319478402608,0.9895161433202404,0.8671629985420163,3.628149030193369
gauss,3.4,0.7927872860635696,0.9805323872302536,0.336422456726362,3.075920094058903
lognorm,3.5,0.8663406682966586,0.9901402608939248,0.9294466000768474,3.767192644639077
gauss,3.5,0.8027709861450693,0.9813415400272515,0.35734100375277095,3.111546384700613
lognorm,3.6,0.8722493887530562,0.9905708017490298,0.995762157472883,3.8904852438258812
gauss,3.6,0.8088834555827221,0.9819085087070453,0.3802298254776387,3.1417169044548183
lognorm,3.7,0.8773431132844336,0.9910140795719345,1.0845865813407642,4.037986326798439
gauss,3.7,0.8137734311328443,0.9824060537551552,0.40190902452922544,3.1884623090176545
lognorm,3.8,0.8836593317033414,0.9914501816629332,1.1608651891174049,4.15448413818818
gauss,3.8,0.8219233903830481,0.982927148617392,0.4247007181293403,3.2307850280471686
lognorm,3.9,0.8887530562347188,0.9917399807314947,1.2295447945830018,4.268479098291186
gauss,3.9,0.8264058679706602,0.9833118382901372,0.4446657575849663,3.2693110345159297
lognorm,4.0,0.8940505297473512,0.9920835903507619,1.323149840582212,4.407863556843417
gauss,4.0,0.8317033414832926,0.9837050235158028,0.46678620272524507,3.3108267027978284
lognorm,4.1,0.8973105134474327,0.9922987692095121,1.4102270764277742,4.554368572112322
gauss,4.1,0.8359820700896495,0.9840686057076311,0.488134190290785,3.3616231514381933
lognorm,4.2,0.9030154849225754,0.992624122001288,1.5120391357079201,4.738379718532741
gauss,4.2,0.8431132844335778,0.9845253142781528,0.5093025297519399,3.400657665976958
lognorm,4.3,0.9070904645476773,0.9929221176538703,1.6135877378569938,4.892754600701116
gauss,4.3,0.8482070089649552,0.9849298329353715,0.5334446633079385,3.4450577552239396
lognorm,4.4,0.9095354523227384,0.9931725764430271,1.7181604484731343,5.039917466639197
gauss,4.4,0.8528932355338223,0.9853526389547494,0.5559994970066335,3.485457484571593
lognorm,4.5,0.912999185004075,0.9934048057318985,1.8417552782164988,5.198266808152713
gauss,4.5,0.8571719641401793,0.9856437983121611,0.575937388479848,3.522343606698994
lognorm,4.6,0.9168704156479217,0.9936207325370142,1.9536450837991617,5.392973836957068
gauss,4.6,0.8600244498777506,0.9859372167253408,0.5975113227582829,3.5608466426826357
lognorm,4.7,0.9213528932355338,0.9938592393387001,2.0722369312310267,5.592037792096045
gauss,4.7,0.8632844335778321,0.9862373790889731,0.6194914238640329,3.5896985825799232
lognorm,4.8,0.9256316218418907,0.9941301325512315,2.2102211372093503,5.823531097719364
gauss,4.8,0.8669519152404238,0.9865996572515283,0.6431992327337056,3.6236799289270207
lognorm,4.9,0.9288916055419723,0.9943686254516116,2.341512006976081,6.012822334101097
gauss,4.9,0.8698044009779952,0.9869316569391593,0.6635461286751358,3.6725631713862836
lognorm,5.0,0.9315403422982885,0.9946165091033414,2.4835412389948215,6.217965731087084
gauss,5.0,0.8730643846780766,0.9872224282288085,0.6843848930897651,3.7118099385591528
rolling_max,0.6,0.27159739201303995,0.6215740592284055,-0.28051657908531774,2.4
rolling_max,0.65,0.2980847595762021,0.6601375888302636,-0.2205596273424275,2.6
rolling_max,0.7,0.328239608801956,0.7228904387181023,-0.1606026755995373,2.8
rolling_max,0.75,0.3640994295028525,0.7645748946319195,-0.10064572385664713,3.0
rolling_max,0.8,0.41299918500407495,0.8101783382087497,-0.04068877211375686,3.2
rolling_max,0.85,0.4578239608801956,0.8452947030107455,0.019268179629133214,3.4
rolling_max,0.9,0.545639771801141,0.8854854255688096,0.0792251313720235,3.6
rolling_max,0.95,0.6393643031784841,0.9243064688460125,0.13918208311491367,3.8
rolling_max,1.0,0.7559087204563977,0.9470513821658726,0.19913903485780385,4.0
rolling_max,1.05,0.8810105949470253,0.9834697628035273,0.259095986600694,4.2
rolling_max,1.1,0.9079054604726976,0.98513136346876,0.3190529383435844,4.4
rolling_max,1.15,0.9182966585167074,0.9863608402886652,0.3790098900864743,4.6
rolling_max,1.2,0.9266503667481663,0.9874486772196605,0.4389668418293645,4.8
rolling_max,1.25,0.9325590872045639,0.9884849998746217,0.4989237935722548,5.0
rolling_max,1.3,0.9382640586797066,0.9893486772412188,0.558880745315145,5.2
rolling_max,1.35,0.9423390383048085,0.9900633985596927,0.6188376970580353,5.4
rolling_max,1.4,0.9447840260798696,0.990664974492125,0.6787946488009253,5.6
rolling_max,1.45,0.9484515077424613,0.9910569734966629,0.7387516005438155,5.8
rolling_max,1.5,0.9523227383863081,0.9914531343516787,0.7987085522867057,6.0
rolling_max,1.55,0.9531377343113284,0.9916729187747765,0.8586655040295961,6.2
rolling_max,1.6,0.9555827220863896,0.9919088963963437,0.9186224557724862,6.4
rolling_max,1.65,0.9582314588427058,0.9921907831443484,0.9785794075153764,6.6
rolling_max,1.7,0.9592502037489813,0.9923667895949887,1.0385363592582664,6.8
rolling_max,1.75,0.9602689486552567,0.9925907187017218,1.0984933110011568,7.0
rolling_max,1.8,0.9623064384678076,0.9928211906484442,1.1584502627440472,7.2
rolling_max,1.85,0.9639364303178484,0.9930814737193361,1.2184072144869371,7.4
rolling_max,1.9,0.9659739201303994,0.9932857028962776,1.2783641662298273,7.6
rolling_max,1.95,0.9669926650366748,0.9934998293260221,1.3383211179727175,7.8
rolling_max,2.0,0.9684189079054605,0.993755411804041,1.3982780697156076,8.0
rolling_max,2.05,0.9700488997555012,0.9939412182510333,1.4582350214584976,8.2
rolling_max,2.1,0.9708638956805216,0.9941323879248003,1.518191973201388,8.4
rolling_max,2.15,0.9710676446617766,0.9942813380983845,1.5781489249442782,8.6
rolling_max,2.2,0.9720863895680522,0.9944392840464263,1.638105876687169,8.8
empirical,0.8,0.23573757131214343,0.8176476264518935,-0.13843248623904547,1.769999921321869
empirical,0.82848,0.2593724531377343,0.8366015455524167,-0.11469168698185911,1.8391581773757935
empirical,0.85291,0.2823960880195599,0.8531320027047926,-0.09661250546232841,1.8958981037139893
empirical,0.87385,0.30664221678891607,0.8675034488043438,-0.08004752693184582,1.9658123254776
empirical,0.89182,0.33088834555827223,0.8808932415435297,-0.06391146180800222,2.0
empirical,0.90722,0.3533007334963325,0.8923575798467736,-0.051490500771256054,2.0166666507720947
empirical,0.92044,0.38141809290953543,0.901329567287245,-0.034981855581121137,2.0680524110794067
empirical,0.93177,0.4060717196414018,0.9101888356738006,-0.020316242398288227,2.0999999046325684
empirical,0.94148,0.42705786471067647,0.9178737245248231,-0.012566608580156602,2.133333444595337
empirical,0.94982,0.4482477587612062,0.9240746860564212,-0.0036523020852240384,2.1968801021575928
empirical,0.95696,0.4702526487367563,0.9315883302782322,0.0,2.2166666984558105
empirical,0.96309,0.49490627546862265,0.9387214631353697,1.4901161138336505e-08,2.273447036743164
empirical,0.96835,0.5165036674816625,0.9435397579734734,1.4901161138336505e-08,2.3194295167922974
empirical,0.97286,0.5342298288508558,0.9479041241157914,1.4901161138336505e-08,2.3723894357681274
empirical,0.97672,0.5537897310513448,0.9516978856982964,5.2154063984177754e-08,2.435021758079529
empirical,0.98004,0.5735533822330888,0.9546267551212286,0.001997068524360462,2.5333333015441895
empirical,0.98288,0.5908720456397718,0.9569367762735906,0.012011393904685919,2.5709136724472046
empirical,0.98532,0.6059494702526488,0.959377660341154,0.024540760042604918,2.6186933517456055
empirical,0.98741,0.6285656071719642,0.9623269066600052,0.03822310594409042,2.7107906341552734
empirical,0.9892,0.6393643031784841,0.9641284807837988,0.05190028073971069,2.7785797119140625
empirical,0.99074,0.6603504482477588,0.9669387894884431,0.06460262179155106,2.8780791759490967
empirical,0.99206,0.6752241238793806,0.9683014505078894,0.07398559123449305,2.9427478313446045
empirical,0.99319,0.6886715566422168,0.9695049054367401,0.08639089883011028,3.0
empirical,0.99416,0.7047677261613692,0.9709550189874591,0.0999985127074278,3.0333333015441895
empirical,0.99499,0.7149551752241239,0.9721671187682187,0.10988438793222417,3.0928503274917603
empirical,0.9957,0.7241238793806031,0.9729569671766688,0.11863152497796822,3.152383327484131
empirical,0.99632,0.7334963325183375,0.9735855694836795,0.12500004470348336,3.195765256881714
empirical,0.99684,0.758761206193969,0.9750967442139638,0.1329536036193943,3.2854431867599487
empirical,0.99729,0.7675224123879381,0.9757925790096195,0.14365616487142008,3.421552538871765
empirical,0.99768,0.7744498777506112,0.9763244670271872,0.1509684903309073,3.5130858421325684
empirical,0.99801,0.7797473512632437,0.9767061099965239,0.15674907905258276,3.624222159385681
empirical,0.99829,0.7834148329258354,0.9770719370967034,0.16540618966883053,3.6832988262176514
empirical,0.99853,0.7878973105134475,0.9772966154617694,0.1694732590998395,3.7547109127044678
empirical,0.99874,0.7897310513447433,0.9774622692639778,0.17280866956771732,3.792643189430237
empirical,0.99892,0.7923797881010595,0.9776290484760605,0.17726742163120163,3.8249964714050293
empirical,0.99908,0.7948247758761207,0.9777178349641229,0.1811020608814694,3.840483546257019
empirical,0.99921,0.7976772616136919,0.977852587299239,0.1844927447116146,3.8622541427612305
empirical,0.99932,0.7986960065199674,0.9778987854920449,0.18715575745191437,3.8802002668380737
empirical,0.99942,0.7995110024449877,0.9779575644252885,0.18925091422386908,3.908458948135376
empirical,0.9995,0.7995110024449877,0.9779677851666685,0.1903274749633052,3.917515516281128
