trace,vm,n_bins,gamma,r2_sigma,rho_cpu_net,rho_lam_sigma,rho_lam_sb,rho_lam_sw,med_frac_between,frac_between_hi,frac_between_lo,bimodal_share,bimodal_hi,bimodal_lo,rho_lam_frac90,max_frac90,max_p95,rho_lam_skew,med_skew_hi,mean_io,mean_net,mean_sigma
fastStorage,1044.csv,24,-0.6975274451508103,0.7035622489094799,,0.5756521739130435,0.36347826086956525,0.5139130434782608,0.2893034877255745,0.2857565382577478,0.2981303767060193,0.875,0.75,0.875,,0.0,3.2,0.6,-1.0648929439666113,1.164602617471288,14.573161257181818,0.37839971271473394
fastStorage,879.csv,24,-0.3297625780008035,0.8568963192151431,,0.4782608695652173,0.15652173913043477,0.45826086956521733,0.41835803848058095,0.21506614414228192,0.45338890750805017,0.9583333333333334,1.0,1.0,,0.0,12.133333333333333,0.39739130434782605,2.291657987034456,728.4692638942724,2.3475172060156395,0.11003107841960164
fastStorage,1057.csv,24,-0.0458427435926837,0.5967434005471769,0.0052182546991033,0.5034782608695652,0.5826086956521739,0.47391304347826085,0.031244223601778635,0.07122210571723511,0.02339225434906832,0.8333333333333334,0.75,0.875,,0.0,1.0666666666666669,0.49391304347826087,2.2886136611154178,0.21999741947625487,3.4003094975477666,0.12419325417405488
fastStorage,1053.csv,24,-0.2620382210296864,0.7385234942203334,0.0602678103331464,0.44260869565217387,0.4234782608695652,0.4408695652173913,0.023240612099998482,0.03070602426714592,0.018456114016117613,0.75,0.875,0.75,,0.0,1.4,0.11913043478260868,0.07059827953749574,0.22310894248351665,5.770259056848462,0.12636932075382895
fastStorage,96.csv,24,-0.2275470968743021,0.8315899460663521,0.5190701768895719,0.7408695652173911,0.5408695652173913,0.717391304347826,0.6307589105521877,0.5420639089692771,0.7215319897551187,0.75,0.625,1.0,,0.0,1.4266666666666556,0.7208695652173912,1.8621300901600815,10.150443284434761,1.9594871711055963,0.42498449194581345
fastStorage,50.csv,24,-0.0287057409930579,0.5749716656512553,0.2131035121300654,0.7608695652173912,0.6417391304347826,0.8321739130434782,0.8849659495668714,0.9050440595575329,0.546071929614169,0.25,0.0,0.625,,0.0,12.4,-0.12,-6.404874108908227,48.81123963614232,0.06416420796305018,0.31178374772933987
fastStorage,987.csv,24,-0.2668476400942517,0.5647237411546132,0.0911075124098425,0.5704347826086955,0.0008695652173913043,0.6913043478260869,0.37426112213893725,0.2966437769729089,0.3938637607438549,0.041666666666666664,0.125,0.0,,0.0,13.570000000000002,0.588695652173913,0.5728654826465539,12.011936728395062,1.1568132716049384,0.11678248968570128
fastStorage,413.csv,24,-0.8404500501702044,0.8706738024025718,0.1084413993710981,0.8956521739130434,0.6826086956521739,0.8052173913043478,0.8172675182604066,0.38978327230714405,0.8528734742083733,0.4166666666666667,0.0,1.0,,0.0,2.3,0.8408695652173912,4.827678448999064,10.165194258675365,3.8754338998156457,0.11559190807536482
fastStorage,406.csv,24,-0.6843496714029594,0.8030843016192164,,0.6904347826086955,-0.6739130434782608,0.8895652173913042,0.9230968166531454,0.37448734069450007,0.9507950093583177,0.8333333333333334,0.5,1.0,,0.0,2.1008333333333336,0.7965217391304347,3.773405254415714,10.478854685865592,3.880374201433239,0.17539801185556728
fastStorage,709.csv,24,-1.2864536208407855,0.516229693535691,0.2803666574793378,0.4756521739130434,0.33391304347826084,0.6747826086956521,0.8096651785809958,0.7473788596953586,0.8576857643191179,1.0,1.0,1.0,0.5514242356926398,0.31197771587743733,95.77000000000001,-0.5539130434782608,0.4286118960746405,10.176083823144042,5.279274948692895,2.683081333410409
fastStorage,113.csv,24,-0.6508837640924372,0.6645154325985025,0.2773647201330338,0.2504347826086956,-0.11130434782608695,0.5191304347826087,0.8313099063845613,0.6315681583289598,0.8559711203635987,0.4166666666666667,0.375,0.625,,0.0,4.2749999999999995,0.6904347826086955,3.8048154857612246,8.978976761057439,23.70252473704141,0.1328457474518177
fastStorage,278.csv,24,-4.2419549088047575,0.6139875906467661,0.6350846022259498,0.7591304347826088,0.5539130434782608,0.5443478260869564,0.7764940877151796,0.735326424574318,0.7970967122789041,1.0,1.0,1.0,0.5156521739130434,0.15319148936170213,99.03750000000001,-0.8782608695652172,0.5623747835189277,3.8873418652169778,171.1465761627776,2.1360594391500953
fastStorage,455.csv,24,-1.476698494315876,0.9203220473277772,,0.9575995007848523,0.9436834317452905,0.926288345445838,0.395945405294638,0.38700042152386327,0.7453511757142219,0.4583333333333333,0.0,1.0,,0.0,3.6675000000000004,0.6370950357174426,5.894635940100164,10.992351248452936,4.560932524674989,0.13999321410975973
fastStorage,919.csv,10,-7.525968230443329,0.7790003212744137,,0.2606060606060606,0.17575757575757575,0.35757575757575755,0.31607071602653647,0.3075642836485404,0.3133733765817844,0.4,0.6666666666666666,0.6666666666666666,,0.0,8.079999999999995,-0.04242424242424241,-0.05894444073302674,0.34181589605370377,346.4172773771909,1.2812226203220194
fastStorage,453.csv,24,-1.201736593904006,0.8761777581901214,,0.9086956521739129,0.6791304347826086,0.9121739130434783,0.6049776795956439,0.43624742272152894,0.9154384577220964,0.25,0.0,0.5,,0.0,4.066666666666666,0.7617391304347826,4.545540134414754,10.986843914060316,4.880131153687034,0.166093024048119
fastStorage,951.csv,24,-0.0509284225303057,0.5388840263879042,0.5734839084960275,0.9008695652173913,0.7808695652173911,0.9208695652173912,0.35385199502401987,0.04568243168004338,0.901851823414219,0.9583333333333334,1.0,1.0,0.437880269519857,0.011204481792717087,76.24333333333331,-0.6008695652173912,0.8618633761903811,3548.8992761305285,16.575492229029663,0.2714704159312391
fastStorage,540.csv,24,-0.0705999156488706,0.5858452428056853,0.6091629880512331,0.96,0.9660869565217389,0.9365217391304346,0.3629743231479167,0.40886039596097307,0.3109284251289703,0.8333333333333334,1.0,0.5,,0.0,6.276666666666663,-0.917391304347826,1.4486087610479768,14.318057330033731,2.151285657094792,0.24776882629738206
fastStorage,973.csv,24,-8.929325794554027,0.7123362418460084,0.6983582692876911,0.797391304347826,0.6113043478260869,0.7026086956521739,0.939797079921121,0.8717857106534469,0.974378293216657,0.5,0.75,0.375,0.6605798729642626,0.03333333333333333,31.419166666666683,-0.6956521739130433,2.2506696323991306,779.7815838662685,143.03599865381057,0.577578022994963
fastStorage,1115.csv,24,-0.0270813075036481,0.5326267247403342,0.071532169967455,0.8295652173913043,0.8113043478260868,0.8034782608695652,0.059947285616123974,0.15790920483098114,0.022418365058491985,0.5833333333333334,0.625,0.75,,0.0,1.1433333333333318,0.5860869565217391,3.1569805756079496,0.21579900298609386,6.066357214201461,0.13297794270571628
fastStorage,583.csv,24,-0.0797770298220721,0.6951488880429467,,0.8417391304347825,0.6947826086956521,0.8347826086956521,0.6470621913524499,0.49208809212558924,0.7134204044829267,0.9583333333333334,1.0,0.875,,0.0,7.813333333333333,0.8330434782608694,0.40182361965667296,36.82029555619226,27.30031630780663,0.6461325358679684
fastStorage,336.csv,24,-0.2175693999982703,0.6814760835144962,0.3337082868423201,0.3878260869565217,-0.05130434782608695,0.6339130434782608,0.5988096753367043,0.5230660604629781,0.6606209339666921,0.75,0.625,0.75,,0.0,0.6666666666666667,0.5191304347826087,1.8562896201273404,7.129344278893343,0.9681282633474341,0.2974955249355007
fastStorage,414.csv,24,-0.9085843347573224,0.8599136899875652,,0.9095652173913044,0.8826086956521739,0.874782608695652,0.7109285963732954,0.24482437169040994,0.7417333662971699,0.5416666666666666,0.0,1.0,,0.0,1.8508333333333336,0.6930434782608694,6.3299113816677925,10.471764491206368,3.861509914061662,0.0797653753122192
fastStorage,675.csv,24,-1.1993876414028557,0.7698020797492886,0.1281104306110133,0.9617391304347825,0.9356521739130433,0.4530434782608695,0.7217979298099617,0.7632005490686897,0.6719562403927029,0.9166666666666666,0.875,1.0,0.4873955886992211,0.008333333333333333,50.58333333333334,0.4904347826086956,1.2435715987290497,56.31363931406704,30.636453470293517,0.6504210822584204
fastStorage,1003.csv,24,-7.230643908547323,0.936223065116142,,0.7573913043478261,0.7086956521739128,0.7226086956521738,0.910691441445519,0.8804255355489443,0.9442057167753837,0.5,0.875,0.25,0.34641016151377546,0.008547008547008548,59.066666666666656,0.6834782608695652,1.5308180580961392,46.171286530104304,376.7019921616206,0.5561218456538632
fastStorage,423.csv,24,-1.4570647844160145,0.8651469521179875,,0.8991304347826086,0.877391304347826,0.8834782608695652,0.4777375615836084,0.35357213382462405,0.8230428471870741,0.125,0.0,0.125,,0.0,3.1341666666666668,0.6217391304347826,5.544399727685354,10.879248777721036,4.584692565165644,0.17512746685734906
fastStorage,774.csv,24,-0.3967611152845565,0.6870924170102375,0.7907992277207312,0.8791304347826084,0.7834782608695651,0.8521739130434782,0.3475723865047194,0.470762155937639,0.31130958900981853,0.2916666666666667,0.5,0.25,0.28466750440835425,0.008333333333333333,8.476666666666668,0.7730434782608695,3.5288517933527657,32.52554420401058,2.4373443684903715,0.24011991073928046
fastStorage,1204.csv,24,-0.0127127854331237,0.5371133392467072,0.0380691687523714,0.5730434782608694,0.5199999999999999,-0.013913043478260868,0.03460409065782024,0.2619311508746116,0.033389840655282846,0.8333333333333334,0.875,0.875,,0.0,1.0666666666666669,0.5017391304347826,1.8327006818229767,0.20572762546531134,2.5365475591253848,0.12936770588737523
fastStorage,448.csv,24,-1.1657130124643866,0.8451460178542007,0.3405793233320947,0.8582608695652173,0.6365217391304347,0.8973913043478261,0.732140323472368,0.486054981737705,0.9318720396630251,0.5833333333333334,0.125,0.875,,0.0,3.4508333333333336,0.7417391304347827,4.8099312658121,10.55103791683061,4.520606491747695,0.18651154499527106
fastStorage,1037.csv,24,-11.01366765401782,0.8372103901346294,,0.6226086956521739,0.5452173913043478,0.617391304347826,0.12384295785638336,0.281898196487951,0.1186839431956114,0.5,0.75,0.5,,0.0,65.78999999999996,0.7295652173913043,0.5841711577589208,1.1730303807196685,647.3888419935164,0.6801442010139878
fastStorage,895.csv,24,-0.377646586892129,0.608571678128073,,0.6565217391304347,0.45217391304347826,0.6617391304347826,0.3736858170616135,0.11017941656865238,0.45409330853918123,0.625,0.75,0.625,,0.0,70.34666666666666,0.07130434782608694,1.1785214065943859,4785.106068918014,1516.0424088382897,0.09528421442249199
fastStorage,1010.csv,24,-0.0917994817559056,0.6458908030664055,,0.8565217391304346,0.49217391304347824,0.6191304347826087,0.4987331300993315,0.4540766457063259,0.45099403516808445,0.2916666666666667,0.125,0.5,,0.0,1.4,0.37217391304347824,0.07890702077476508,1.695835443050503,1.1363914942159274,0.5755000658702676
fastStorage,769.csv,24,-0.0837371428884784,0.8172727086539605,,0.49031987817572936,0.3484882186501856,0.4824886822510061,0.16047391681783568,0.13055161428212528,0.19148499212814185,0.041666666666666664,0.125,0.0,,0.0,3.6033333333333344,0.10050034770061533,9.159185842629691,5.749274930594605,0.04483721302986638,0.08998014049809154
fastStorage,745.csv,24,-0.3471774069632566,0.797386320715058,,0.58,0.3652173913043478,0.47913043478260864,0.933727487003519,0.8031627768511416,0.9445601738594195,1.0,1.0,1.0,,0.0,1.4349999999999992,0.1469565217391304,1.1948105479789812,27.44938420512963,3.5685236762045585,0.32661950462067124
fastStorage,734.csv,24,-0.1728655611869854,0.787988558893428,0.7979585990523218,0.8521739130434782,0.7843478260869564,-0.40869565217391296,0.6781628287158477,0.917915423289616,0.5139493760507103,0.625,1.0,0.5,,0.0,24.226666666666663,-0.6678260869565217,-1.2594272304877805,110.46508145732237,5.687321864823622,0.9440333947451134
fastStorage,1179.csv,24,-0.0031267744726492,0.6556225389250254,,0.4920820847444059,0.4104031536711848,0.502124576269802,0.02412734263859883,0.02412734263859883,0.022944490483720596,0.75,0.75,0.8,,0.0,1.0666666666666669,0.5751000146876799,0.09319660949915431,0.19608068824578914,0.10746594189094805,0.12401815038490435
fastStorage,1091.csv,24,-9.100036506243883,0.9656584310284608,,0.9260869565217391,0.6591304347826087,0.8852173913043477,0.09734635285908724,0.06942814045126307,0.23336887566419934,0.5833333333333334,1.0,0.0,,0.0,13.733333333333333,0.48521739130434777,-0.035513278206651365,1.7073970098103322,276.8416347250632,1.7288056324765249
fastStorage,870.csv,24,-0.9914393772428264,0.6162114711556668,,0.8478260869565216,0.38,0.8739130434782607,0.15786970659866892,0.16094584797892392,0.15157457216277548,1.0,1.0,1.0,,0.0,6.939999999999998,-0.4434782608695652,1.165691100979524,318.2493230692177,50.32587123968014,0.34467453056969666
fastStorage,1025.csv,24,-41.99658939411039,0.9845427002587674,0.628077658250871,0.9486956521739129,0.8791304347826084,0.4313043478260869,0.9599228684765089,0.9630405186134259,0.9612088496773032,1.0,1.0,1.0,-0.27106873827419714,0.005571030640668524,57.679999999999986,-0.826086956521739,1.0176125238698264,0.22560538233353947,3026.051124988024,1.4126682075008683
fastStorage,593.csv,24,-2.2672951839345203,0.6939898790353245,,0.8991304347826086,0.5939130434782608,0.8417391304347825,0.9918968025620951,0.8235003620889283,0.99265196549111,0.5416666666666666,0.75,0.125,0.5978629954785775,0.08055555555555556,90.66666666666666,0.08,4.297781388771297,923.3599640560027,5.735062634907667,0.29395201516667613
fastStorage,159.csv,24,-0.0012298870373477,0.7018946648856734,0.1130869818729651,0.3521567028238878,0.24035029717447853,0.41843714689150163,0.8191910765847974,0.8191910765847974,0.8264798079440705,1.0,1.0,1.0,,0.0,6.0,0.03615296949142574,1.4862614673148262,12.440801155397217,0.017660085165629526,0.14792115956213436
fastStorage,451.csv,24,-1.3743720245234514,0.8611749385747357,,0.8791304347826084,0.8278260869565216,0.8530434782608695,0.4876063039320635,0.35484323582109845,0.8104854699193513,0.4583333333333333,0.0,0.875,,0.0,3.668333333333334,0.6513043478260869,5.884883893554116,10.96960577578175,4.5242479099402235,0.1398790933011095
fastStorage,923.csv,24,-9.88629445023644,0.8423351011220164,0.7355133182492625,0.9530434782608694,0.9260869565217391,0.2417391304347826,0.7069444487589316,0.6886264309330753,0.704318449386532,0.5833333333333334,1.0,0.125,,0.0,29.73333333333332,-0.0008695652173913043,0.24917867111167694,2.963576742470812,870.390202198622,1.5376737228746515
fastStorage,456.csv,24,-1.2328615106058185,0.8484279307960113,0.514343688459396,0.8243478260869566,0.6295652173913043,0.9026086956521738,0.5839735712607231,0.4239819852623826,0.9405525544851883,0.5416666666666666,0.125,1.0,,0.0,3.9508333333333336,0.7652173913043477,5.106018027197202,11.068174660725814,4.444823203932393,0.14497492646983084
fastStorage,452.csv,24,-1.38799270836485,0.8795866652715486,0.6496348364377439,0.8782608695652172,0.7573913043478261,0.8921739130434782,0.45026465833111584,0.36827071168486564,0.8082777918598474,0.4583333333333333,0.0,1.0,,0.0,3.85,0.6608695652173912,5.961271425396044,10.932658560881473,4.475576145264706,0.13792499714046494
fastStorage,426.csv,24,-1.3962349593921897,0.867077906017561,,0.837391304347826,0.7330434782608695,0.8678260869565216,0.4853781733228365,0.40630884162566816,0.8327240922467938,0.375,0.0,0.875,,0.0,3.0508333333333333,0.6782608695652173,5.793833508295756,11.193281820311972,4.54373959853358,0.1710064163028
fastStorage,865.csv,24,-0.2461235963259942,0.540762616593619,0.2874632024940167,0.7469565217391304,0.6469565217391303,0.7678260869565217,0.331037222987838,0.345555028309511,0.7007902861914856,0.9166666666666666,1.0,0.75,,0.0,44.44666666666666,0.5634782608695652,1.3784917264316108,3078.9064641742566,32.7589679215748,0.48635688794091925
fastStorage,399.csv,24,-0.4340039511778609,0.7591573175204921,,0.7052173913043478,-0.8852173913043477,0.9330434782608694,0.9406460371412267,0.45006022201853746,0.9538833273836775,0.9583333333333334,0.875,1.0,,0.0,1.8166666666666669,0.7565217391304346,2.467860090246498,10.430985207195604,3.894036919778974,0.20513630563899432
fastStorage,875.csv,24,-2.9199058295053573,0.8191211282325999,,0.3408695652173913,-0.07391304347826086,0.3652173913043478,0.17755764799631496,0.12206087570381724,0.19524344318891493,0.5416666666666666,0.75,0.5,,0.0,25.368333333333332,-0.05565217391304347,0.6442316674864992,337.37046878897286,9.097182239044713,0.10904589333738379
fastStorage,430.csv,24,-1.3928286969048342,0.8134608518662182,,0.877391304347826,0.7260869565217389,0.8469565217391304,0.43922293366563464,0.3422919752034105,0.8130919123306564,0.4583333333333333,0.0,0.75,,0.0,3.1175,0.7130434782608696,5.753616689011219,10.984780448904525,4.541550118111043,0.1574285301747197
fastStorage,425.csv,24,-1.3581284211826488,0.800310842648401,,0.8495652173913043,0.7539130434782607,0.8478260869565216,0.5085539173496676,0.3511036132907398,0.8230924537003883,0.4583333333333333,0.0,1.0,,0.0,3.8558333333333383,0.697391304347826,5.51180864289484,11.367142402345303,4.520351090376761,0.15613428618672687
fastStorage,393.csv,24,-0.7030544631830421,0.7790185760257378,0.5979099340286551,0.7947826086956521,0.03739130434782608,0.7869565217391304,0.7928880124626745,0.2895376304267478,0.8811949724611128,0.5,0.125,0.625,,0.0,1.7350000000000005,0.7460869565217391,4.7866652085670065,10.259952336540337,3.862617785108451,0.1388635604667406
rnd,122.csv,24,-0.8333593492140493,0.642865490783765,0.4201283595683292,0.5434782608695652,0.4513043478260869,0.7165217391304347,0.8527169047318283,0.4388031455150442,0.8953578693973274,0.16666666666666666,0.0,0.25,,0.0,3.1791666666666663,0.5078260869565216,5.655892521299158,11.021198039863114,3.948947097144677,0.1468644910451813
rnd,294.csv,24,-0.5322854220492989,0.939855100926486,0.1319991455796831,0.5356521739130434,0.3391304347826086,0.5947826086956521,0.11116731093028437,0.08849741018975125,0.14646476129875136,0.9583333333333334,0.875,1.0,,0.0,10.136666666666667,-0.33739130434782605,2.894591177083457,3.418679807357046,0.9677136743504992,0.0947352305665464
rnd,119.csv,24,-1.0209871427668835,0.7917204485560584,,0.8165217391304346,0.7417391304347827,0.8269565217391304,0.7611042300863264,0.4878726875153684,0.9328863453265002,0.3333333333333333,0.0,0.75,,0.0,3.2183333333333337,0.8139130434782607,5.496088886589712,11.847673974228263,4.229893690898812,0.15741112915476035
rnd,393.csv,24,-1.5579634978299155,0.9529428536096712,,0.5791304347826086,0.4452173913043478,0.6043478260869565,0.20529719168473332,0.17460056471439195,0.22803061749998332,0.7916666666666666,0.5,0.875,,0.0,13.131666666666666,0.3417391304347826,1.6341115784473788,26.71021470993057,2.7580842423307423,0.09312048239142065
rnd,22.csv,24,-0.8204768203924997,0.6426972365245613,0.7663097971048471,0.8147826086956521,0.608695652173913,0.7095652173913043,0.7588253060558248,0.6428359764718135,0.8648661576248138,0.9166666666666666,0.875,1.0,,0.0,6.653333333333334,0.26086956521739124,2.442660370460163,18.99611527724781,81.94213092113925,0.3678333708370538
rnd,440.csv,24,-19.04528880550214,0.9720737507897976,0.4657137368976923,0.9695652173913042,0.9695652173913042,0.5017391304347826,0.9650406538753498,0.9636593985911972,0.9673306220333315,1.0,1.0,1.0,,0.0,18.146666666666665,-0.7008695652173912,1.843920257388449,0.2440066547710947,822.5443063872095,0.9391144534123845
rnd,302.csv,24,-0.0234917596048215,0.6386780835198491,,0.2969922255900616,0.3179255983188765,0.33057284434253553,0.106297296737967,0.14794234569137704,0.14426510540808338,1.0,1.0,1.0,,0.0,2.8,-0.24727546535912612,3.2900650732041914,0.5316471882770982,0.04754156955127939,0.10556400723596693
rnd,296.csv,24,-0.2514291790769675,0.7989424019437799,0.18711480185309,0.6217391304347826,0.35739130434782607,0.5599999999999999,0.2058245884021664,0.14985043111594737,0.19468169912741284,1.0,1.0,1.0,,0.0,4.354166666666667,0.4756521739130434,2.1915060531731267,4.102378455939914,1.1638098584444625,0.16674490004573486
rnd,358.csv,24,-0.0177082088640687,0.5956646853541607,-0.3097992872455587,0.8393302777738538,0.8393302777738538,0.42670405677456186,0.2759099996955574,0.9889100904736299,0.2152707176119087,0.5,0.125,0.7857142857142857,,0.0,4.0,-0.06019488400460258,-4.362099502667866,2.866756379513872,0.02908865104140261,0.1196454103530698
rnd,102.csv,24,-0.9764163499457694,0.8691746863219667,,0.9513043478260867,0.6278260869565216,0.8904347826086956,0.4337723799573126,0.23385813696786065,0.6070912679582678,0.20833333333333334,0.0,0.625,,0.0,1.8766666666666652,0.22347826086956518,4.321133074952281,9.940701266309514,4.546187908883912,0.2678641437703435
rnd,115.csv,24,-1.0811879060698026,0.7759481034387872,0.4350643492235821,0.6756521739130433,0.4913043478260869,0.7773913043478261,0.7240391764039174,0.41663862402722823,0.9160364593800101,0.5,0.0,0.875,,0.0,3.355000000000005,0.6747826086956521,5.663273860509527,12.09357751611673,4.240324355885474,0.1535422941362668
rnd,118.csv,24,-1.0607939048200608,0.7034464082353564,,0.6426086956521738,0.46347826086956523,0.8104347826086956,0.7164504538463989,0.4127182747294367,0.9066689390599934,0.041666666666666664,0.0,0.0,,0.0,4.19666666666667,0.6704347826086956,5.962907426931318,12.059186580093234,4.209502935098294,0.13963002625227341
rnd,466.csv,24,-0.7393647077281441,0.6168575908054688,,0.9417391304347826,0.9017391304347826,0.5008695652173912,0.3822549365062875,0.5455756285619385,0.26082445332253557,0.625,0.125,1.0,,0.0,1.7333333333333334,0.9043478260869565,0.32448379127820765,1.160098168878126,37.79589514145181,0.5082022986122459
rnd,117.csv,24,-1.023571500783699,0.6781978215949478,0.1906928934925252,0.6921739130434782,0.5104347826086956,0.7834782608695651,0.7343488147793501,0.45680287455729485,0.9040132861461062,0.16666666666666666,0.0,0.375,,0.0,3.2633333333333363,0.9252173913043478,5.463004390859007,12.317163412363529,4.218921270897527,0.16803093240311673
rnd,406.csv,24,-1.501852316565592,0.5474295948911755,0.5786144134655616,0.6643478260869564,0.6826086956521739,0.4991304347826086,0.0682644194599813,0.04703733263409509,0.0661610926026903,0.8333333333333334,1.0,0.5,,0.0,7.540000000000002,-0.7547826086956521,1.6359828168734702,27.85749065633119,3.125465466429226,0.1947684010822172
rnd,181.csv,24,-0.1317236130597165,0.6958803874413735,0.6290282381625512,0.8156521739130433,0.5721739130434782,0.9026086956521738,0.7927486641160761,0.6556532919090469,0.8863235336125002,0.4166666666666667,1.0,0.0,,0.0,8.6,-0.05304347826086955,1.8714827649759478,43.91517976342731,6.852953774648445,0.5925720649808841
rnd,275.csv,24,-15.50792819824668,0.7022553112608332,0.6588848750929418,0.7852173913043478,0.8565217391304346,0.5530434782608695,0.8963393436941134,0.8912894775368976,0.9515139790115577,1.0,1.0,1.0,,0.0,34.13333333333333,-0.21826086956521737,1.2805012844097874,875.0202659018587,56.29266744241746,0.6770237214300272
rnd,116.csv,24,-1.0549400952515382,0.7666578874031197,,0.6713043478260868,0.47043478260869553,0.7478260869565216,0.6997827098848843,0.41630085240144354,0.9025541493189337,0.20833333333333334,0.0,0.125,,0.0,3.601666666666667,0.8113043478260868,5.899041229089369,12.593943245159565,4.217172225684178,0.1439763202762281
rnd,315.csv,24,-0.2666660933535063,0.5042149423568318,,0.20434782608695648,-0.01652173913043478,0.23217391304347823,0.14649494283415565,0.12222259557897591,0.09661398109540248,0.9583333333333334,1.0,1.0,,0.0,9.335,-0.21043478260869564,1.2006014825972864,22.147872875425396,1.2874012766229217,0.12497760192610624
rnd,191.csv,24,-0.2136823652156814,0.5775833305899885,0.5319067434606107,-0.3205044650674097,-0.32920200821713586,-0.20743640412096936,0.6399947991498293,0.5820063737808129,0.6348120702466575,0.5833333333333334,0.625,0.875,,0.0,1.223333333333333,-0.18917156350654435,-1.5644314326169706,1.0815659959135944,0.27719114455816923,0.35655304029800095
rnd,402.csv,24,-0.0068990087423471,0.6369262639707791,0.2014863467306502,0.4922388095215082,0.3121396001206408,0.562627988397858,0.5005833623866855,0.4296060523777354,0.5073526577476835,0.6666666666666666,0.75,0.7142857142857143,,0.0,16.24,0.4655394658097892,0.9109501241373599,5.424209587650712,0.25045488959980533,0.23016083017908673
rnd,283.csv,24,-0.0008630044333999,0.5054298524529621,,0.8723896210703825,0.37587929565156764,0.8776344484515671,0.2476307232574554,0.19893266077496163,0.28169961316195213,0.25,0.0,0.75,,0.0,2.0,0.8068292788055742,3.967568648691211,7.1860237782782646,0.014468549874180675,0.19898647568687317
rnd,130.csv,24,-1.303989893418097,0.7496853823633312,,0.6408695652173912,0.677391304347826,0.7965217391304347,0.5475425436308731,0.30250475195867993,0.7285778620904269,0.5416666666666666,0.0,1.0,,0.0,3.7533333333333343,0.6321739130434781,7.328256090511857,11.937761333996809,4.145502247600198,0.08191969818192996
rnd,111.csv,24,-0.944881304571395,0.9616517172672456,0.5764436193229129,0.9686956521739128,0.6991304347826087,0.9686956521739128,0.22927015999405834,0.16871176571835578,0.3475501778285187,0.08333333333333333,0.0,0.25,,0.0,2.25,-0.23217391304347823,5.266508987036723,10.543762684139644,4.826478107600045,0.20358244793664976
rnd,367.csv,24,-11.56830043064735,0.8956804311655817,,0.6695652173913044,0.6182608695652172,0.0608695652173913,0.7613464411048605,0.8196696726016484,0.7356123155328926,0.8333333333333334,1.0,0.625,,0.0,55.248333333333335,-0.7547826086956521,0.01879224973247659,1.8619957498644142,1733.4904195552917,1.9495771044580499
rnd,433.csv,24,-0.7847140763983668,0.7570015141538052,0.1095470808502342,0.4991304347826086,0.3504347826086956,0.4669565217391304,0.2856091859658028,0.2485453855685683,0.30353974548482976,0.875,0.875,1.0,,0.0,3.1333333333333333,0.45826086956521733,-1.57348304575412,1.163397800835921,14.561151158102392,0.37968332894635093
rnd,339.csv,24,-0.0037940200240469,0.5342952396941718,0.1236238999667195,0.6582608695652173,0.64,0.49217391304347824,0.3226490324949443,0.37183161550732946,0.2668064204552893,1.0,1.0,1.0,,0.0,2.870000000000001,-0.03130434782608695,2.134702930167699,10.340324152182054,0.030951359460629685,0.23576417237298808
rnd,347.csv,24,-4.14901915908755,0.642298294865945,,0.9652173913043477,0.8217391304347826,0.551304347826087,0.14062568818147209,0.4884324732732253,0.07731487930775884,0.375,0.375,0.625,,0.0,28.89333333333332,0.8704347826086956,2.6119806192402573,0.08974330437984868,182.43557547190622,0.5335511727977951
rnd,19.csv,24,-1.1274254134279484,0.758221593367084,0.4618231909139701,0.82,0.7539130434782607,-0.37913043478260866,0.7465484591741014,0.8058670297621227,0.6750074177272318,0.5416666666666666,0.75,0.5,,0.0,2.2,0.697391304347826,1.3900645747947227,1.3990873218441668,32.455211576378396,0.9997101910325961
rnd,387.csv,24,-9.748112281906904,0.550107594906019,0.4401669855602453,0.5930434782608696,0.508695652173913,0.6191304347826087,0.20285414408021357,0.18789164572632056,0.20154303205836363,0.9583333333333334,0.875,1.0,0.19579704781213397,0.002785515320334262,8.226666666666665,0.3852173913043478,2.002320769901527,341.34696574398026,26.393591836500335,0.242288307503273
rnd,434.csv,24,-0.8226813704326275,0.5688572343090014,0.0942520876541123,0.4130434782608695,0.537391304347826,0.31130434782608696,0.27643869379754116,0.2899416954827491,0.27643869379754116,0.9166666666666666,0.875,1.0,,0.0,4.825714285714286,0.4156521739130434,0.041456765729725176,1.152165768496481,19.948560094418607,0.4049037659598237
rnd,241.csv,24,-29.889895904874123,0.8445235343071372,,0.28086956521739126,-0.08608695652173912,0.3313043478260869,0.8319777428196354,0.8126379620563331,0.8297642590239622,0.625,0.75,0.375,,0.0,5.07,-0.01652173913043478,1.343501169612508,870.2595807872743,83.53909507602825,0.12734290443852342
rnd,293.csv,24,-6.88620544393499,0.9006355868451903,,0.8391304347826085,0.5843478260869565,0.8243478260869566,0.3448386604343545,0.3142285428145636,0.36930438065154503,0.6666666666666666,0.625,0.625,0.2861649160331189,0.00558659217877095,26.300833333333323,0.7826086956521738,2.6834253291496095,10.086648697555043,57.92369421277524,0.20480182793009302
rnd,383.csv,24,-0.2274135464514674,0.5518466666973336,0.6397440000175669,0.6930434782608694,0.6008695652173912,0.5565217391304348,0.895326316909663,0.8923005206663331,0.915780885388846,0.8333333333333334,0.625,1.0,,0.0,62.72999999999999,-0.1973913043478261,-0.11677727255487344,6369.991261859187,9.20277676137133,0.31342112030570746
rnd,432.csv,24,-0.8658307636881013,0.7393823749065804,,0.23043478260869563,0.13999999999999999,0.3556521739130434,0.2782256294582276,0.23524347683378016,0.25970795244631967,0.9583333333333334,1.0,1.0,,0.0,4.5,0.08695652173913042,-1.7902362607226574,1.1735241384745152,18.103622978911762,0.38562587611129717
rnd,207.csv,24,-2.217386573468328,0.5873589303720886,0.767438873738044,0.9817391304347826,0.9530434782608694,0.3834782608695652,0.8777245518278087,0.7735391307755504,0.9246206932418504,0.9583333333333334,1.0,1.0,,0.0,23.693333333333303,-0.5191304347826087,1.494186686527367,4.865622438317246,400.37741704997364,0.9174873409203845
rnd,327.csv,24,-0.128423364304021,0.5099332438175651,,0.9078260869565216,0.9443478260869566,0.8286956521739129,0.5039906887401802,0.548573292717965,0.4684383740629513,0.7916666666666666,0.75,0.875,,0.0,5.889999999999998,-0.05565217391304347,0.41410488641763155,7.573354853027638,5.581065723993217,0.7864150390024086
rnd,210.csv,24,-1.0345105602036224,0.6110401647714891,0.7266746050252854,0.5530434782608695,0.49652173913043474,0.4591304347826086,0.8273534431144278,0.7980614408868247,0.8467770151290404,0.9166666666666666,1.0,0.875,-0.17680902493892653,0.035398230088495575,42.66666666666667,0.19304347826086957,0.36301142781066387,23.524152005082133,208.20867149796663,1.1880865829196137
rnd,295.csv,24,-25.44041979522948,0.9075048805104716,,0.2452173913043478,0.11826086956521738,0.19478260869565217,0.22291525941210602,0.1785935580801458,0.2238683439448918,0.7916666666666666,0.625,1.0,,0.0,4.206666666666669,0.4234782608695652,1.7638808551325447,4.138677338314225,41.531084476964,0.1264056059988189
rnd,121.csv,24,-1.0230424529727762,0.7388292595136108,,0.643478260869565,0.44,0.7791304347826087,0.7228515947925335,0.42496363243366414,0.9097059186841241,0.5,0.0,0.875,,0.0,3.2841666666666667,0.7504347826086956,5.683806305626883,11.98740766194222,4.200248691683542,0.1329111242449168
rnd,304.csv,24,-4.310326620497026,0.93231909271902,,0.9382608695652173,0.9313043478260868,0.9104347826086956,0.1525320952391545,0.24270359874518888,0.12713122603131435,0.9166666666666666,0.75,1.0,0.34641016151377546,0.2,94.50833333333334,0.5304347826086956,2.8147116997916477,122.50387333197551,29.566490649510328,0.12070946918796119
rnd,218.csv,24,-1.7182585820495817,0.5001055584617297,,0.7408695652173911,0.8956521739130434,0.6017391304347826,0.043017494711732274,0.19744720214970993,0.02171701189381999,1.0,1.0,1.0,,0.0,59.080000000000005,0.6130434782608695,0.7224272929835551,22.782406198121677,28.779532431907494,0.41675748482571995
rnd,209.csv,24,-1.152507397886736,0.5842478666052113,,0.7130434782608696,0.6278260869565216,0.33391304347826084,0.8221364629008298,0.7936667045394352,0.8435158632104749,0.9583333333333334,1.0,1.0,-0.19487210167202357,0.03592814371257485,35.4,0.03913043478260869,0.35897116112862004,21.970000779862346,210.55486792760507,1.1963009176364379
rnd,261.csv,24,-0.0318332148823264,0.6695796838401298,,-0.19913043478260867,-0.2826086956521739,-0.10956521739130433,0.8039014085459262,0.8008552223402579,0.8021173269441153,0.875,1.0,0.875,,0.0,1.9004166666666666,-0.1060869565217391,-0.6296761925347779,57.31581210990828,0.927172430990999,0.1395360616379398
rnd,113.csv,24,-0.9264569145670803,0.9321131084761842,0.7786261469951095,0.9617391304347825,0.6078260869565217,0.9347826086956521,0.34280847242395873,0.1685573531584409,0.4261648299608749,0.25,0.0,0.75,,0.0,1.55,-0.13304347826086957,5.087236720935848,10.289247965704659,4.750715927105271,0.22462785248689643
rnd,206.csv,24,-0.0485981838444997,0.5222122837662087,,0.6626086956521738,-0.17913043478260868,0.6791304347826086,0.7158262564994906,0.5583587666324921,0.7674021168889242,1.0,1.0,1.0,,0.0,2.85,0.7869565217391304,-0.3306072816573575,14.510626941219988,1.8235608480548278,0.6311161292030081
rnd,112.csv,24,-0.7936818185881785,0.8006872913651134,0.6148746253945354,0.8017391304347825,0.07304347826086956,0.9539130434782607,0.5227890881891808,0.32054912253733614,0.7138881145181701,0.0,0.0,0.0,,0.0,2.4175,0.4539130434782608,3.6201272850621775,10.448958948915415,4.327634995406799,0.2918646558467535
rnd,103.csv,24,-0.6933864841807899,0.9334694741042155,0.4875800582238304,0.9678260869565216,0.7547826086956521,0.9226086956521738,0.3799388852074911,0.23864978098117154,0.4430700290694598,0.0,0.0,0.0,,0.0,2.436666666666668,0.13130434782608694,4.223911381680059,10.32663921287864,4.712301989960739,0.1744200857815133
rnd,486.csv,24,-0.2750125927651388,0.7141641871646003,,0.82,0.8034782608695652,-0.047826086956521734,0.8700971704296177,0.8769636509276426,0.851673195535628,1.0,1.0,1.0,,0.0,25.105,-0.3782608695652173,0.4227511792762537,5.940534916160064,0.21406506271016398,1.9453916696366753
rnd,222.csv,24,-7.135295507772636,0.5425871658079983,,0.09826086956521737,-0.37217391304347824,0.33304347826086955,0.5141697537900012,0.4563028401114589,0.5396425191419882,0.8333333333333334,1.0,0.625,,0.0,4.501666666666667,0.6226086956521739,1.137516187512618,183.61949150499822,0.2668864052187367,0.3266543951637352
rnd,269.csv,24,-0.1578976958923152,0.8901708930878783,,0.9052173913043478,0.497391304347826,0.9347826086956521,0.9152381526658919,0.6753920611845521,0.943773547569007,0.0,0.0,0.0,,0.0,6.996666666666663,0.2052173913043478,0.49051069395395086,14.920437623065213,4.615597643914046,0.2458897854028819
rnd,329.csv,24,-0.1284787933269489,0.6495546663098567,0.6142786014496824,0.9226086956521738,0.8608695652173911,0.8756521739130434,0.5536909571083428,0.5589956403126398,0.6341608759691033,0.5416666666666666,0.25,0.75,,0.0,3.8799999999999955,0.48956521739130426,0.5189252298634258,8.66739409530589,3.1562852452202215,0.6380581484803454
rnd,360.csv,24,-17.48974382455564,0.8140958682285317,,0.49478260869565216,0.7539130434782607,0.041739130434782605,0.2967333221504854,0.3811560441139876,0.20399446630786355,0.9166666666666666,0.75,1.0,,0.0,7.8,0.7504347826086956,0.24102175086339772,0.08913058744773535,411.20073271429715,0.3331263046702188
rnd,105.csv,24,-0.3910250501392796,0.7049184051171369,,0.8565217391304346,-0.2295652173913043,0.9304347826086956,0.7258334253083811,0.4542335046572613,0.8657720725950291,0.25,0.125,0.625,,0.0,2.390833333333333,0.8443478260869565,2.423914317481284,10.413354084066555,4.7728218071809385,0.28353436685367983
rnd,83.csv,24,-0.0803264828081345,0.6140430081441841,,0.84,0.7495652173913043,0.8521739130434782,0.5504216852145787,0.4385606926719143,0.6109761539641372,0.16666666666666666,0.375,0.0,,0.0,16.010000000000012,0.7695652173913042,1.3882483884835488,180.68230708675108,10.795220554997789,0.3536565300111514
